日期,开盘,收盘,最高,最低,成交量,成交额,涨跌幅,涨跌额,振幅,换手率
2023-04-14,6.14,5.97,6.17,5.9,98147.0,58769268.0,,,4.57627118644067,0.0
2023-04-17,5.95,5.85,5.95,5.82,70741.0,41439572.0,-2.010050251256279,-0.1200000000000001,2.233676975945015,0.0
2023-04-18,5.88,5.79,5.89,5.76,49162.0,28504812.0,-1.025641025641022,-0.05999999999999961,2.256944444444443,0.0
2023-04-19,5.78,5.77,5.83,5.75,42522.0,24605368.0,-0.3454231433506094,-0.020000000000000462,1.3913043478260883,0.0
2023-04-20,5.76,5.7,5.79,5.62,40143.0,22816328.0,-1.21317157712304,-0.0699999999999994,3.0249110320284682,0.0
2023-04-21,5.71,5.51,5.74,5.51,66039.0,36863524.0,-3.3333333333333437,-0.1900000000000004,4.174228675136124,0.0
2023-04-24,5.55,5.58,5.64,5.45,48090.0,26700944.0,1.2704174228675091,0.07000000000000028,3.4862385321100824,0.0
2023-04-25,5.55,5.43,5.62,5.34,50181.0,27290690.0,-2.6881720430107614,-0.15000000000000036,5.2434456928839,0.0
2023-04-26,5.45,5.53,5.57,5.41,51527.0,28367688.0,1.8416206261510304,0.10000000000000053,2.957486136783736,0.0
2023-04-27,5.56,5.53,5.65,5.45,60228.0,33535800.0,0.0,0.0,3.6697247706422047,0.0
2023-04-28,5.52,5.7,5.72,5.51,68759.0,38787904.0,3.074141048824597,0.16999999999999993,3.8112522686025407,0.0
2023-05-04,5.69,5.76,5.79,5.67,75226.0,43108612.0,1.0526315789473717,0.05999999999999961,2.1164021164021185,0.0
2023-05-05,5.74,5.74,5.76,5.68,44837.0,25620332.0,-0.3472222222222099,-0.019999999999999574,1.4084507042253533,0.0
2023-05-08,5.71,5.72,5.77,5.69,43457.0,24869002.0,-0.34843205574913716,-0.020000000000000462,1.4059753954305654,0.0
2023-05-09,5.69,5.65,5.74,5.63,51991.0,29594980.0,-1.2237762237762184,-0.0699999999999994,1.9538188277087092,0.0
2023-05-10,5.66,5.71,5.78,5.61,37054.0,21161260.0,1.0619469026548645,0.05999999999999961,3.030303030303029,0.0
2023-05-11,5.73,6.06,6.14,5.68,167508.0,100134504.0,6.129597197898429,0.34999999999999964,8.098591549295776,0.0
2023-05-12,6.02,5.95,6.12,5.92,107454.0,64483520.0,-1.8151815181518094,-0.10999999999999943,3.378378378378381,0.0
2023-05-15,5.95,5.9,5.96,5.76,69880.0,40805688.0,-0.8403361344537785,-0.04999999999999982,3.472222222222225,0.0
2023-05-16,5.9,5.82,5.9,5.77,49252.0,28594824.0,-1.3559322033898313,-0.08000000000000007,2.253032928942821,0.0
2023-05-17,5.82,5.95,5.97,5.79,79867.0,47234788.0,2.2336769759450092,0.1299999999999999,3.1088082901554355,0.0
2023-05-18,5.96,5.97,5.98,5.86,52042.0,30851128.0,0.3361344537815114,0.019999999999999574,2.047781569965872,0.0
2023-05-19,5.95,5.92,5.99,5.88,37756.0,22402280.0,-0.8375209380234505,-0.04999999999999982,1.8707482993197335,0.0
2023-05-22,5.96,5.94,5.96,5.86,36186.0,21394980.0,0.33783783783785104,0.020000000000000462,1.7064846416382191,0.0
2023-05-23,5.91,5.92,5.99,5.88,38421.0,22829230.0,-0.33670033670034627,-0.020000000000000462,1.8707482993197335,0.0
2023-05-24,5.9,5.93,5.97,5.83,32462.0,19236662.0,0.16891891891892552,0.009999999999999787,2.4013722126929617,0.0
2023-05-25,5.92,5.89,5.94,5.8,40803.0,23916188.0,-0.6745362563237767,-0.040000000000000036,2.413793103448286,0.0
2023-05-26,5.89,5.85,5.92,5.76,34306.0,19966414.0,-0.6791171477079749,-0.040000000000000036,2.7777777777777803,0.0
2023-05-29,5.86,5.78,5.89,5.73,39814.0,23064472.0,-1.1965811965811812,-0.0699999999999994,2.7923211169284334,0.0
2023-05-30,5.78,5.83,5.84,5.68,41587.0,24016336.0,0.865051903114189,0.04999999999999982,2.8169014084507067,0.0
2023-05-31,5.82,5.8,5.82,5.71,48742.0,28070558.0,-0.5145797598627877,-0.03000000000000025,1.9264448336252245,0.0
2023-06-01,5.78,5.95,6.01,5.77,75531.0,44692632.0,2.586206896551735,0.15000000000000036,4.1594454072790334,0.0
2023-06-02,5.97,5.99,6.06,5.94,53109.0,31847368.0,0.6722689075630228,0.040000000000000036,2.020202020202007,0.0
2023-06-05,6.04,6.06,6.1,5.95,42602.0,25632762.0,1.1686143572620988,0.0699999999999994,2.5210084033613356,0.0
2023-06-06,5.98,5.98,6.09,5.95,37349.0,22485538.0,-1.3201320132013028,-0.07999999999999918,2.3529411764705825,0.0
2023-06-07,5.95,6.01,6.04,5.92,25818.0,15461323.0,0.5016722408026641,0.02999999999999936,2.027027027027029,0.0
2023-06-08,5.99,6.1,6.14,5.96,57325.0,34750504.0,1.4975041597337757,0.08999999999999986,3.020134228187915,0.0
2023-06-09,6.12,6.0,6.12,5.97,49613.0,29866422.0,-1.6393442622950727,-0.09999999999999964,2.5125628140703578,0.0
2023-06-12,5.97,6.1,6.11,5.95,45714.0,27631548.0,1.6666666666666607,0.09999999999999964,2.6890756302521033,0.0
2023-06-13,6.08,6.1,6.14,6.06,37653.0,22963188.0,0.0,0.0,1.3201320132013215,0.0
2023-06-14,6.09,6.07,6.13,6.05,33406.0,20319280.0,-0.4918032786885185,-0.02999999999999936,1.322314049586778,0.0
2023-06-15,6.1,6.03,6.1,6.0,35710.0,21544196.0,-0.658978583196046,-0.040000000000000036,1.6666666666666607,0.0
2023-06-16,5.95,5.91,5.99,5.9,39807.0,23607106.0,-1.9900497512437831,-0.1200000000000001,1.5254237288135568,0.0
2023-06-19,5.9,5.8,5.94,5.78,38389.0,22392196.0,-1.861252115059231,-0.11000000000000032,2.7681660899654004,0.0
2023-06-20,5.82,5.71,5.85,5.69,38274.0,21965098.0,-1.551724137931032,-0.08999999999999986,2.8119507908611467,0.0
2023-06-21,5.71,5.62,5.74,5.61,35196.0,19935022.0,-1.5761821366024442,-0.08999999999999986,2.317290552584668,0.0
2023-06-26,5.62,5.5,5.62,5.49,33394.0,18528072.0,-2.135231316725983,-0.1200000000000001,2.367941712204005,0.0
2023-06-27,5.52,5.79,5.8,5.47,61273.0,35004144.0,5.272727272727273,0.29000000000000004,6.0329067641681915,0.0
2023-06-28,5.77,5.78,5.8,5.61,51659.0,29529874.0,-0.17271157167529916,-0.009999999999999787,3.3868092691622014,0.0
2023-06-29,5.78,5.93,6.03,5.75,67271.0,39908944.0,2.595155709342545,0.14999999999999947,4.869565217391308,0.0
2023-06-30,5.96,6.01,6.08,5.91,52108.0,31350736.0,1.3490725126475533,0.08000000000000007,2.8764805414551597,0.0
2023-07-03,5.99,5.98,6.08,5.96,37218.0,22378028.0,-0.4991680532445808,-0.02999999999999936,2.0134228187919483,0.0
2023-07-04,5.99,6.02,6.05,5.97,35087.0,21098516.0,0.6688963210702115,0.03999999999999915,1.3400335008375222,0.0
2023-07-05,5.98,5.97,6.04,5.96,22919.0,13753361.0,-0.830564784053156,-0.04999999999999982,1.342281879194632,0.0
2023-07-06,5.97,5.98,6.01,5.93,24567.0,14670168.0,0.16750418760469454,0.010000000000000675,1.349072512647556,0.0
2023-07-07,5.98,6.02,6.08,5.91,37988.0,22843936.0,0.6688963210702115,0.03999999999999915,2.8764805414551597,0.0
2023-07-10,6.04,6.03,6.1,5.98,32184.0,19393344.0,0.16611295681063787,0.010000000000000675,2.006688963210689,0.0
2023-07-11,6.04,6.05,6.06,5.99,24135.0,14542509.0,0.3316749585406287,0.019999999999999574,1.1686143572620935,0.0
2023-07-12,6.07,5.97,6.09,5.94,33579.0,20132312.0,-1.3223140495867813,-0.08000000000000007,2.525252525252516,0.0
2023-07-13,6.0,5.99,6.03,5.95,29159.0,17500208.0,0.3350083752093891,0.020000000000000462,1.3445378151260516,0.0
2023-07-14,6.0,6.03,6.06,5.97,26884.0,16208217.0,0.6677796327211993,0.040000000000000036,1.5075376884422087,0.0
2023-07-17,6.01,6.11,6.13,5.98,44457.0,26990696.0,1.3266998341625147,0.08000000000000007,2.508361204013369,0.0
2023-07-18,6.11,6.17,6.17,6.06,37838.0,23194114.0,0.9819967266775809,0.05999999999999961,1.8151815181518205,0.0
2023-07-19,6.16,6.27,6.27,6.16,56406.0,35112432.0,1.620745542949753,0.09999999999999964,1.7857142857142767,0.0
2023-07-20,6.25,6.16,6.26,6.14,47708.0,29517656.0,-1.754385964912275,-0.10999999999999943,1.9543973941368098,0.0
2023-07-21,6.16,6.12,6.21,6.1,29072.0,17891648.0,-0.6493506493506551,-0.040000000000000036,1.8032786885245955,0.0
2023-07-24,6.16,6.17,6.19,6.08,35227.0,21658554.0,0.8169934640522847,0.04999999999999982,1.8092105263157947,0.0
2023-07-25,6.18,6.29,6.3,6.17,47714.0,29875696.0,1.944894651539708,0.1200000000000001,2.106969205834682,0.0
2023-07-26,6.32,6.3,6.33,6.24,35937.0,22570756.0,0.15898251192367763,0.009999999999999787,1.4423076923076898,0.0
2023-07-27,6.3,6.23,6.33,6.19,42063.0,26309922.0,-1.111111111111096,-0.0699999999999994,2.2617124394184116,0.0
2023-07-28,6.22,6.3,6.34,6.21,51092.0,32057378.0,1.123595505617958,0.0699999999999994,2.093397745571657,0.0
2023-07-31,6.25,6.15,6.28,6.12,97317.0,60045480.0,-2.3809523809523725,-0.14999999999999947,2.6143790849673225,0.0
2023-08-01,6.16,6.15,6.19,6.1,51513.0,31649788.0,0.0,0.0,1.475409836065586,0.0
2023-08-02,6.18,6.15,6.19,6.09,29954.0,18371402.0,0.0,0.0,1.6420361247947541,0.0
2023-08-03,6.12,6.09,6.13,6.03,33601.0,20425492.0,-0.9756097560975729,-0.0600000000000005,1.6583747927031451,0.0
2023-08-04,6.15,6.06,6.15,6.04,23270.0,14139884.0,-0.49261083743842304,-0.03000000000000025,1.8211920529801375,0.0
2023-08-07,6.04,5.98,6.05,5.96,35287.0,21143702.0,-1.3201320132013028,-0.07999999999999918,1.5100671140939574,0.0
2023-08-08,6.02,5.98,6.04,5.95,37327.0,22352070.0,0.0,0.0,1.5126050420168042,0.0
2023-08-09,5.99,5.9,6.0,5.85,35651.0,21068290.0,-1.3377926421404673,-0.08000000000000007,2.56410256410257,0.0
2023-08-10,5.9,5.98,5.98,5.87,24855.0,14759689.0,1.3559322033898313,0.08000000000000007,1.8739352640545197,0.0
2023-08-11,5.98,5.88,6.0,5.87,28770.0,17054196.0,-1.6722408026755953,-0.10000000000000053,2.214650766609879,0.0
2023-08-14,5.91,5.95,5.96,5.83,24443.0,14398228.0,1.1904761904761862,0.07000000000000028,2.2298456260720396,0.0
2023-08-15,5.97,6.0,6.08,5.94,51866.0,31135826.0,0.8403361344537785,0.04999999999999982,2.3569023569023515,0.0
2023-08-16,6.0,5.94,6.06,5.93,41030.0,24576868.0,-0.9999999999999898,-0.05999999999999961,2.192242833052275,0.0
2023-08-17,5.94,6.1,6.12,5.89,50002.0,30134366.0,2.6936026936026813,0.15999999999999925,3.9049235993208904,0.0
2023-08-18,6.13,6.06,6.18,6.05,47923.0,29332720.0,-0.6557377049180357,-0.040000000000000036,2.1487603305785106,0.0
2023-08-21,6.07,6.08,6.17,6.03,39977.0,24376250.0,0.33003300330034513,0.020000000000000462,2.321724709784406,0.0
2023-08-22,6.08,5.95,6.14,5.86,44781.0,26690792.0,-2.1381578947368363,-0.1299999999999999,4.778156996587019,0.0
2023-08-23,5.96,5.8,5.97,5.8,34164.0,19951300.0,-2.5210084033613467,-0.15000000000000036,2.9310344827586197,0.0
2023-08-24,5.84,5.8,5.88,5.71,34903.0,20248574.0,0.0,0.0,2.977232924693519,0.0
2023-08-25,5.8,5.7,5.88,5.68,39960.0,23033070.0,-1.724137931034475,-0.09999999999999964,3.521126760563384,0.0
2023-08-28,6.11,5.89,6.12,5.81,73540.0,43850940.0,3.3333333333333215,0.1899999999999995,5.335628227194501,0.0
2023-08-29,5.93,6.12,6.14,5.87,69504.0,42106864.0,3.9049235993208864,0.23000000000000043,4.599659284497437,0.0
2023-08-30,6.15,6.21,6.22,6.09,66081.0,40867460.0,1.4705882352941124,0.08999999999999986,2.1346469622331674,0.0
2023-08-31,6.19,6.13,6.23,6.12,49155.0,30318964.0,-1.2882447665056418,-0.08000000000000007,1.7973856209150378,0.0
2023-09-01,6.13,6.13,6.22,6.09,31583.0,19406196.0,0.0,0.0,2.1346469622331674,0.0
2023-09-04,6.19,6.32,6.33,6.1,84510.0,52997528.0,3.0995106035889064,0.1900000000000004,3.770491803278696,0.0
2023-09-05,6.27,6.28,6.34,6.23,56136.0,35237120.0,-0.6329113924050667,-0.040000000000000036,1.7656500802568125,0.0
2023-09-06,6.28,6.25,6.32,6.21,41823.0,26147056.0,-0.4777070063694322,-0.03000000000000025,1.7713365539452548,0.0
2023-09-07,6.25,6.2,6.31,6.16,36523.0,22740892.0,-0.8000000000000007,-0.04999999999999982,2.4350649350649265,0.0
2023-09-08,6.18,6.14,6.24,6.14,46319.0,28652346.0,-0.967741935483879,-0.0600000000000005,1.6286644951140152,0.0
2023-09-11,6.19,6.13,6.19,6.06,46165.0,28310352.0,-0.16286644951140072,-0.009999999999999787,2.1452145214521585,0.0
2023-09-12,6.13,6.09,6.17,6.05,33480.0,20391000.0,-0.6525285481239762,-0.040000000000000036,1.9834710743801671,0.0
2023-09-13,6.18,6.13,6.25,6.06,76518.0,46922252.0,0.6568144499178974,0.040000000000000036,3.135313531353142,0.0
2023-09-14,6.08,6.01,6.1,5.96,57868.0,34901080.0,-1.9575856443719397,-0.1200000000000001,2.3489932885905986,0.0
2023-09-15,6.01,5.95,6.06,5.93,39638.0,23721142.0,-0.9983361064891727,-0.05999999999999961,2.192242833052275,0.0
2023-09-18,5.97,6.14,6.16,5.88,57022.0,34719916.0,3.1932773109243584,0.1899999999999995,4.761904761904766,0.0
2023-09-19,6.14,6.02,6.15,6.0,38777.0,23469160.0,-1.9543973941368087,-0.1200000000000001,2.500000000000006,0.0
2023-09-20,6.0,5.98,6.06,5.97,28886.0,17352092.0,-0.6644518272425071,-0.03999999999999915,1.5075376884422087,0.0
2023-09-21,5.97,5.94,6.02,5.9,20341.0,12115875.0,-0.6688963210702337,-0.040000000000000036,2.0338983050847323,0.0
2023-09-22,5.94,6.14,6.15,5.89,57613.0,34961244.0,3.3670033670033517,0.1999999999999993,4.414261460101879,0.0
2023-09-25,6.18,6.15,6.2,6.06,46684.0,28633468.0,0.16286644951140072,0.010000000000000675,2.31023102310232,0.0
2023-09-26,6.14,6.04,6.17,6.01,47238.0,28613204.0,-1.788617886178867,-0.11000000000000032,2.662229617304495,0.0
2023-09-27,6.06,6.1,6.16,5.96,45564.0,27743836.0,0.9933774834437026,0.05999999999999961,3.35570469798658,0.0
2023-09-28,6.1,6.18,6.25,6.07,34420.0,21268568.0,1.3114754098360715,0.08000000000000007,2.9654036243822026,0.0
2023-10-09,6.18,6.03,6.19,6.01,36860.0,22352984.0,-2.4271844660194053,-0.14999999999999947,2.9950083194675643,0.0
2023-10-10,6.03,6.03,6.16,6.0,31234.0,18894352.0,0.0,0.0,2.6666666666666687,0.0
2023-10-11,6.06,5.99,6.09,5.94,33855.0,20286802.0,-0.6633499170812573,-0.040000000000000036,2.525252525252516,0.0
2023-10-12,6.03,5.92,6.03,5.91,42314.0,25119150.0,-1.16861435726211,-0.07000000000000028,2.0304568527918803,0.0
2023-10-13,5.92,5.81,5.93,5.75,48204.0,28011992.0,-1.858108108108114,-0.11000000000000032,3.130434782608691,0.0
2023-10-16,5.81,5.83,5.86,5.77,36184.0,21052976.0,0.3442340791738552,0.020000000000000462,1.559792027729649,0.0
2023-10-17,5.83,5.84,5.93,5.8,33474.0,19647406.0,0.17152658662091813,0.009999999999999787,2.2413793103448256,0.0
2023-10-18,5.84,5.71,5.84,5.7,28765.0,16475192.0,-2.2260273972602773,-0.1299999999999999,2.4561403508771873,0.0
2023-10-19,5.71,5.75,5.86,5.64,34408.0,19860468.0,0.7005253940455258,0.040000000000000036,3.900709219858168,0.0
2023-10-20,5.7,5.71,5.87,5.69,30725.0,17663080.0,-0.6956521739130417,-0.040000000000000036,3.1634446397187994,0.0
2023-10-23,5.73,5.59,5.74,5.56,34880.0,19608386.0,-2.1015761821365997,-0.1200000000000001,3.237410071942457,0.0
2023-10-24,5.72,5.84,5.85,5.6,63586.0,36839328.0,4.472271914132375,0.25,4.464285714285714,0.0
2023-10-25,5.89,5.99,6.01,5.85,63269.0,37757568.0,2.5684931506849473,0.15000000000000036,2.7350427350427373,0.0
2023-10-26,6.0,6.0,6.04,5.94,43449.0,26014348.0,0.16694490818029983,0.009999999999999787,1.6835016835016776,0.0
2023-10-27,6.0,6.02,6.08,5.98,40603.0,24521260.0,0.3333333333333188,0.019999999999999574,1.6722408026755793,0.0
2023-10-30,6.04,6.11,6.14,6.02,43982.0,26882466.0,1.4950166112956964,0.09000000000000075,1.9933554817275767,0.0
2023-10-31,6.1,6.08,6.15,6.05,36105.0,22037394.0,-0.49099836333879043,-0.03000000000000025,1.6528925619834798,0.0
2023-11-01,6.16,6.15,6.18,6.05,42900.0,26335520.0,1.1513157894736947,0.07000000000000028,2.1487603305785106,0.0
2023-11-02,6.15,6.13,6.19,6.12,34173.0,21022244.0,-0.3252032520325243,-0.020000000000000462,1.1437908496732072,0.0
2023-11-03,6.13,6.14,6.22,6.1,38142.0,23507978.0,0.16313213703098572,0.009999999999999787,1.9672131147541003,0.0
2023-11-06,6.14,6.17,6.21,6.12,49141.0,30260622.0,0.48859934853420217,0.03000000000000025,1.4705882352941153,0.0
2023-11-07,6.18,6.2,6.21,6.12,36936.0,22833788.0,0.4862236628849326,0.03000000000000025,1.4705882352941153,0.0
2023-11-08,6.19,6.35,6.43,6.18,107081.0,67767928.0,2.4193548387096753,0.14999999999999947,4.045307443365696,0.0
2023-11-09,6.38,6.47,6.72,6.31,169775.0,110335696.0,1.8897637795275646,0.1200000000000001,6.497622820919179,0.0
2023-11-10,6.48,6.52,6.67,6.36,164403.0,107369200.0,0.7727975270479082,0.04999999999999982,4.874213836477981,0.0
2023-11-13,6.71,6.59,6.78,6.45,145912.0,95743960.0,1.0736196319018454,0.07000000000000028,5.116279069767442,0.0
2023-11-14,6.52,6.5,6.58,6.38,92086.0,59445132.0,-1.365705614567525,-0.08999999999999986,3.134796238244517,0.0
2023-11-15,6.5,6.44,6.5,6.37,71630.0,46074316.0,-0.9230769230769154,-0.05999999999999961,2.0408163265306105,0.0
2023-11-16,6.44,6.4,6.48,6.39,52352.0,33654192.0,-0.6211180124223614,-0.040000000000000036,1.408450704225364,0.0
2023-11-17,6.4,6.46,6.55,6.37,74833.0,48344356.0,0.9374999999999911,0.05999999999999961,2.8257456828885354,0.0
2023-11-20,6.44,6.49,6.5,6.38,57374.0,36944416.0,0.4643962848297267,0.03000000000000025,1.8808777429467103,0.0
2023-11-21,6.48,6.46,6.53,6.43,57144.0,36997800.0,-0.46224961479198745,-0.03000000000000025,1.5552099533437098,0.0
2023-11-22,6.45,6.43,6.51,6.4,52000.0,33558460.0,-0.4643962848297267,-0.03000000000000025,1.7187499999999911,0.0
2023-11-23,6.43,6.52,6.55,6.38,59400.0,38556568.0,1.3996889580093264,0.08999999999999986,2.664576802507836,0.0
2023-11-24,6.54,6.45,6.55,6.41,46430.0,29936280.0,-1.0736196319018343,-0.0699999999999994,2.184087363494535,0.0
2023-11-27,6.42,6.44,6.51,6.4,46479.0,29884266.0,-0.15503875968991832,-0.009999999999999787,1.7187499999999911,0.0
2023-11-28,6.4,6.49,6.54,6.39,47577.0,30844680.0,0.7763975155279379,0.04999999999999982,2.3474178403755928,0.0
2023-11-29,6.49,6.46,6.52,6.42,41032.0,26482318.0,-0.46224961479198745,-0.03000000000000025,1.5576323987538885,0.0
2023-11-30,6.48,6.44,6.5,6.32,41928.0,26870884.0,-0.3095975232198067,-0.019999999999999574,2.84810126582278,0.0
2023-12-01,6.46,6.49,6.51,6.42,40410.0,26166176.0,0.7763975155279379,0.04999999999999982,1.4018691588785024,0.0
2023-12-04,6.49,6.5,6.58,6.46,34325.0,22322264.0,0.15408320493066618,0.009999999999999787,1.8575851393188871,0.0
2023-12-05,6.5,6.41,6.54,6.41,38511.0,24880376.0,-1.3846153846153841,-0.08999999999999986,2.0280811232449283,0.0
2023-12-06,6.43,6.51,6.55,6.42,48736.0,31710872.0,1.5600624024960874,0.09999999999999964,2.024922118380061,0.0
2023-12-07,6.48,6.44,6.57,6.4,43556.0,28127876.0,-1.075268817204289,-0.0699999999999994,2.656249999999999,0.0
2023-12-08,6.43,6.2,6.48,6.19,84680.0,53271364.0,-3.7267080745341685,-0.2400000000000002,4.684975767366721,0.0
2023-12-11,6.19,6.3,6.4,6.16,67756.0,42577732.0,1.6129032258064502,0.09999999999999964,3.8961038961038996,0.0
2023-12-12,6.34,6.37,6.39,6.24,46860.0,29692908.0,1.1111111111111072,0.07000000000000028,2.4038461538461453,0.0
2023-12-13,6.37,6.34,6.41,6.3,36810.0,23369612.0,-0.47095761381475976,-0.03000000000000025,1.7460317460317514,0.0
2023-12-14,6.36,6.37,6.45,6.32,36212.0,23124202.0,0.4731861198738141,0.03000000000000025,2.056962025316454,0.0
2023-12-15,6.39,6.42,6.44,6.32,44926.0,28728298.0,0.7849293563579218,0.04999999999999982,1.8987341772151913,0.0
2023-12-18,6.4,6.34,6.43,6.3,35667.0,22685996.0,-1.2461059190031154,-0.08000000000000007,2.0634920634920615,0.0
2023-12-19,6.35,6.38,6.39,6.29,31974.0,20275540.0,0.6309148264984188,0.040000000000000036,1.5898251192368782,0.0
2023-12-20,6.36,6.36,6.48,6.34,46643.0,29897750.0,-0.31347962382444194,-0.019999999999999574,2.208201892744489,0.0
2023-12-21,6.36,6.48,6.5,6.25,63026.0,40342996.0,1.8867924528301883,0.1200000000000001,4.0,0.0
2023-12-22,6.48,6.3,6.58,6.24,74482.0,47545696.0,-2.77777777777779,-0.1800000000000006,5.448717948717946,0.0
2023-12-25,6.3,6.19,6.32,6.11,52785.0,32592956.0,-1.7460317460317398,-0.10999999999999943,3.436988543371521,0.0
2023-12-26,6.23,6.12,6.24,6.1,36758.0,22557082.0,-1.1308562197092087,-0.07000000000000028,2.2950819672131244,0.0
2023-12-27,6.15,6.22,6.25,6.1,33836.0,20882082.0,1.6339869281045694,0.09999999999999964,2.459016393442629,0.0
2023-12-28,6.22,6.26,6.34,6.07,50938.0,31748752.0,0.6430868167202508,0.040000000000000036,4.448105436573304,0.0
2023-12-29,6.3,6.42,6.44,6.28,46088.0,29470486.0,2.5559105431310014,0.16000000000000014,2.5477707006369448,0.0
2024-01-02,6.44,6.54,6.59,6.43,94083.0,61443240.0,1.869158878504673,0.1200000000000001,2.488335925349925,0.0
2024-01-03,6.51,6.5,6.58,6.43,44426.0,28857764.0,-0.6116207951070374,-0.040000000000000036,2.332814930015558,0.0
2024-01-04,6.47,6.54,6.57,6.46,53453.0,34778060.0,0.6153846153846176,0.040000000000000036,1.7027863777089833,0.0
2024-01-05,6.55,6.48,6.66,6.44,91702.0,60015448.0,-0.917431192660545,-0.05999999999999961,3.4161490683229774,0.0
2024-01-08,6.54,6.42,6.56,6.39,52643.0,34014992.0,-0.92592592592593,-0.0600000000000005,2.6604068857589978,0.0
2024-01-09,6.42,6.53,6.61,6.42,54739.0,35733756.0,1.7133956386292892,0.11000000000000032,2.959501557632405,0.0
2024-01-10,6.5,6.49,6.57,6.42,48479.0,31480636.0,-0.6125574272588086,-0.040000000000000036,2.3364485981308465,0.0
2024-01-11,6.47,6.53,6.53,6.42,40955.0,26579368.0,0.6163328197226425,0.040000000000000036,1.7133956386292886,0.0
2024-01-12,6.53,6.46,6.58,6.43,45598.0,29710094.0,-1.071975497702915,-0.07000000000000028,2.332814930015558,0.0
2024-01-15,6.43,6.48,6.51,6.42,41178.0,26663134.0,0.3095975232198178,0.020000000000000462,1.4018691588785024,0.0
2024-01-16,6.47,6.45,6.56,6.36,63848.0,41068856.0,-0.462962962962965,-0.03000000000000025,3.1446540880503036,0.0
2024-01-17,6.42,6.37,6.48,6.36,50215.0,32302328.0,-1.2403100775193798,-0.08000000000000007,1.8867924528301903,0.0
2024-01-18,6.41,6.17,6.41,6.03,76681.0,47342672.0,-3.1397174254317095,-0.20000000000000018,6.301824212271971,0.0
2024-01-19,6.19,6.18,6.38,6.11,66077.0,41163720.0,0.16207455429497752,0.009999999999999787,4.418985270049093,0.0
2024-01-22,6.19,5.68,6.19,5.66,83494.0,49447724.0,-8.090614886731395,-0.5,9.36395759717315,0.0
2024-01-23,5.7,5.48,5.75,5.4,109178.0,59979692.0,-3.5211267605633645,-0.1999999999999993,6.481481481481474,0.0
2024-01-24,5.45,5.64,5.71,5.38,95102.0,52599680.0,2.9197080291970767,0.15999999999999925,6.13382899628253,0.0
2024-01-25,5.61,5.82,5.82,5.57,71301.0,40673432.0,3.191489361702149,0.1800000000000006,4.488330341113106,0.0
2024-01-26,5.8,5.88,5.96,5.75,62731.0,37009300.0,1.0309278350515427,0.05999999999999961,3.652173913043478,0.0
2024-01-29,5.93,5.61,5.93,5.59,76426.0,43379780.0,-4.5918367346938656,-0.2699999999999996,6.082289803220033,0.0
2024-01-30,5.65,5.43,5.65,5.38,68947.0,37714760.0,-3.208556149732633,-0.1800000000000006,5.018587360594804,0.0
2024-01-31,5.42,4.97,5.47,4.94,83182.0,42652456.0,-8.47145488029466,-0.45999999999999996,10.728744939271241,0.0
2024-02-01,4.95,4.85,4.99,4.62,91891.0,43993188.0,-2.4144869215291798,-0.1200000000000001,8.008658008658012,0.0
2024-02-02,4.84,4.56,4.99,4.35,100766.0,46968476.0,-5.97938144329897,-0.29000000000000004,14.712643678160934,0.0
2024-02-05,4.48,3.77,4.48,3.65,210851.0,82075360.0,-17.324561403508763,-0.7899999999999996,22.739726027397275,0.0
2024-02-06,3.68,3.66,3.92,3.33,195216.0,68966416.0,-2.917771883289122,-0.10999999999999988,17.71771771771771,0.0
2024-02-07,3.71,3.42,3.84,3.18,179504.0,60910820.0,-6.557377049180335,-0.2400000000000002,20.754716981132066,0.0
2024-02-08,3.36,4.0,4.0,3.21,183113.0,65791892.0,16.959064327485372,0.5800000000000001,24.61059190031153,0.0
2024-02-19,4.06,4.11,4.25,3.98,126814.0,52109700.0,2.750000000000008,0.11000000000000032,6.78391959798995,0.0
2024-02-20,4.1,4.15,4.18,4.01,64197.0,26384600.0,0.9732360097323589,0.040000000000000036,4.23940149625935,0.0
2024-02-21,4.1,4.34,4.66,4.09,99392.0,43448404.0,4.578313253012034,0.1899999999999995,13.93643031784842,0.0
2024-02-22,4.38,4.53,4.53,4.33,62516.0,27879974.0,4.377880184331806,0.1900000000000004,4.6189376443418055,0.0
2024-02-23,4.56,4.76,4.76,4.53,61105.0,28454410.0,5.077262693156714,0.22999999999999954,5.077262693156722,0.0
2024-02-26,4.79,4.88,5.0,4.76,88770.0,43391884.0,2.521008403361358,0.1200000000000001,5.042016806722694,0.0
2024-02-27,4.84,4.95,4.96,4.81,56378.0,27721022.0,1.434426229508201,0.07000000000000028,3.1185031185031264,0.0
2024-02-28,4.97,4.37,5.1,4.36,145539.0,68169368.0,-11.717171717171714,-0.5800000000000001,16.97247706422017,0.0
2024-02-29,4.3,4.67,4.68,4.3,107861.0,49096656.0,6.864988558352403,0.2999999999999998,8.83720930232558,0.0
2024-03-01,4.69,4.77,4.8,4.63,59700.0,28174906.0,2.1413276231263323,0.09999999999999964,3.6717062634989186,0.0
2024-03-04,4.76,4.68,4.87,4.55,43709.0,20400288.0,-1.8867924528301883,-0.08999999999999986,7.03296703296704,0.0
2024-03-05,4.65,4.51,4.66,4.48,41653.0,18912824.0,-3.6324786324786307,-0.16999999999999993,4.017857142857136,0.0
2024-03-06,4.51,4.63,4.67,4.46,47115.0,21627104.0,2.6607538802660757,0.1200000000000001,4.708520179372196,0.0
2024-03-07,4.62,4.63,4.78,4.59,41143.0,19272502.0,0.0,0.0,4.139433551198265,0.0
2024-03-08,4.61,4.68,4.7,4.57,32955.0,15300482.0,1.0799136069114423,0.04999999999999982,2.84463894967177,0.0
2024-03-11,4.64,4.74,4.75,4.61,42549.0,19948886.0,1.2820512820512997,0.0600000000000005,3.036876355748366,0.0
2024-03-12,4.75,4.85,4.86,4.7,44643.0,21345270.0,2.320675105485215,0.10999999999999943,3.404255319148939,0.0
2024-03-13,4.85,4.82,4.9,4.72,33201.0,15957641.0,-0.6185567010309145,-0.02999999999999936,3.8135593220339112,0.0
2024-03-14,4.84,4.84,4.88,4.71,48828.0,23510140.0,0.4149377593360981,0.019999999999999574,3.6093418259023338,0.0
2024-03-15,4.84,4.92,4.93,4.78,47584.0,23164020.0,1.6528925619834656,0.08000000000000007,3.13807531380752,0.0
2024-03-18,4.94,5.07,5.07,4.94,52382.0,26234440.0,3.0487804878048808,0.15000000000000036,2.631578947368419,0.0
2024-03-19,5.08,5.07,5.15,5.04,54148.0,27565056.0,0.0,0.0,2.182539682539689,0.0
2024-03-20,5.07,5.2,5.2,5.03,36110.0,18557912.0,2.564102564102555,0.1299999999999999,3.379721669980118,0.0
2024-03-21,5.2,5.24,5.28,5.08,45209.0,23530840.0,0.7692307692307665,0.040000000000000036,3.9370078740157513,0.0
2024-03-22,5.22,5.15,5.25,5.07,41551.0,21451492.0,-1.717557251908397,-0.08999999999999986,3.5502958579881603,0.0
2024-03-25,5.1,4.98,5.15,4.96,39781.0,20162156.0,-3.300970873786402,-0.16999999999999993,3.83064516129033,0.0
2024-03-26,4.93,5.0,5.05,4.87,48860.0,24242682.0,0.40160642570279403,0.019999999999999574,3.696098562628331,0.0
2024-03-27,4.98,4.85,5.03,4.85,34503.0,17013684.0,-3.0000000000000027,-0.15000000000000036,3.7113402061855796,0.0
2024-03-28,4.85,5.0,5.05,4.8,41100.0,20378574.0,3.0927835051546504,0.15000000000000036,5.208333333333334,0.0
2024-03-29,5.02,5.07,5.09,4.96,40957.0,20577876.0,1.4000000000000012,0.07000000000000028,2.6209677419354818,0.0
2024-04-01,5.1,5.17,5.25,5.08,51421.0,26406428.0,1.972386587771191,0.09999999999999964,3.346456692913384,0.0
2024-04-02,5.17,5.19,5.25,5.15,44414.0,23101946.0,0.3868471953578423,0.020000000000000462,1.941747572815527,0.0
2024-04-03,5.18,5.15,5.21,5.06,46774.0,24014626.0,-0.770712909441229,-0.040000000000000036,2.964426877470363,0.0
2024-04-08,5.17,4.92,5.17,4.9,45035.0,22562268.0,-4.466019417475731,-0.23000000000000043,5.5102040816326445,0.0
2024-04-09,4.92,5.02,5.03,4.91,38613.0,19230608.0,2.0325203252032464,0.09999999999999964,2.4439918533604907,0.0
2024-04-10,5.0,4.85,5.03,4.77,47712.0,23184656.0,-3.3864541832669293,-0.16999999999999993,5.450733752620559,0.0
2024-04-11,4.8,4.86,4.94,4.77,36821.0,17946186.0,0.20618556701033075,0.010000000000000675,3.563941299790374,0.0
2024-04-12,4.85,4.83,4.92,4.79,47629.0,23153472.0,-0.6172839506172867,-0.03000000000000025,2.7139874739039644,0.0
2024-04-15,4.83,4.36,4.85,4.27,96770.0,43098596.0,-9.730848861283636,-0.46999999999999975,13.583138173302112,0.0
2024-04-16,4.26,3.79,4.29,3.78,97952.0,38560600.0,-13.073394495412849,-0.5700000000000003,13.4920634920635,0.0
2024-04-17,3.88,4.36,4.38,3.88,87128.0,36580636.0,15.03957783641161,0.5700000000000003,12.886597938144332,0.0
2024-04-18,4.36,4.35,4.45,4.21,54609.0,23720440.0,-0.2293577981651529,-0.010000000000000675,5.700712589073639,0.0
2024-04-19,4.35,4.24,4.37,4.2,31479.0,13448642.0,-2.5287356321838983,-0.10999999999999943,4.047619047619046,0.0
2024-04-22,4.26,4.2,4.28,4.03,41075.0,17111124.0,-0.9433962264150941,-0.040000000000000036,6.203473945409429,0.0
2024-04-23,4.2,4.33,4.42,4.19,42370.0,18368620.0,3.0952380952380842,0.1299999999999999,5.489260143198079,0.0
2024-04-24,4.39,4.56,4.61,4.35,55283.0,24944768.0,5.311778290993052,0.22999999999999954,5.977011494252889,0.0
2024-04-25,4.56,4.57,4.62,4.47,38481.0,17584718.0,0.21929824561404132,0.010000000000000675,3.3557046979865857,0.0
2024-04-26,4.57,4.52,4.6,4.43,43843.0,19824944.0,-1.0940919037199293,-0.05000000000000071,3.8374717832957095,0.0
2024-04-29,4.55,4.79,4.82,4.52,58463.0,27558968.0,5.973451327433632,0.27000000000000046,6.637168141592936,0.0
2024-04-30,4.8,4.76,4.85,4.65,37716.0,17896836.0,-0.6263048016701522,-0.03000000000000025,4.301075268817189,0.0
2024-05-06,4.78,4.92,5.0,4.78,33283.0,16187500.0,3.3613445378151363,0.16000000000000014,4.6025104602510405,0.0
2024-05-07,4.93,4.99,5.0,4.88,31990.0,15812586.0,1.4227642276422925,0.07000000000000028,2.4590163934426252,0.0
2024-05-08,4.97,4.88,5.01,4.85,28210.0,13879944.0,-2.2044088176352727,-0.11000000000000032,3.2989690721649514,0.0
2024-05-09,4.9,4.97,4.99,4.9,29226.0,14480192.0,1.8442622950819665,0.08999999999999986,1.8367346938775482,0.0
2024-05-10,5.0,4.89,5.07,4.86,28037.0,13779293.0,-1.6096579476861161,-0.08000000000000007,4.320987654320986,0.0
2024-05-13,4.89,4.74,4.89,4.59,48752.0,22993860.0,-3.0674846625766805,-0.14999999999999947,6.535947712418297,0.0
2024-05-14,4.8,4.87,4.91,4.72,35736.0,17328556.0,2.742616033755274,0.1299999999999999,4.025423728813568,0.0
2024-05-15,4.87,4.85,4.95,4.79,27852.0,13616016.0,-0.4106776180698213,-0.020000000000000462,3.340292275574116,0.0
2024-05-16,4.82,4.91,4.96,4.82,43030.0,21163482.0,1.2371134020618735,0.0600000000000005,2.9045643153526903,0.0
2024-05-17,4.91,4.97,4.98,4.86,35951.0,17722784.0,1.2219959266802416,0.05999999999999961,2.469135802469138,0.0
2024-05-20,4.97,4.88,5.02,4.84,41568.0,20407472.0,-1.810865191146882,-0.08999999999999986,3.7190082644628046,0.0
2024-05-21,4.88,4.79,4.89,4.76,38422.0,18444510.0,-1.8442622950819665,-0.08999999999999986,2.7310924369747878,0.0
2024-05-22,4.78,4.85,4.87,4.77,28512.0,13773639.0,1.2526096033402823,0.05999999999999961,2.096436058700221,0.0
2024-05-23,4.82,4.69,4.82,4.64,26561.0,12514092.0,-3.2989690721649367,-0.15999999999999925,3.8793103448275996,0.0
2024-05-24,4.68,4.63,4.71,4.57,28721.0,13348400.0,-1.279317697228155,-0.0600000000000005,3.0634573304157477,0.0
2024-05-27,4.65,4.74,4.76,4.59,35479.0,16544784.0,2.3758099352051865,0.11000000000000032,3.703703703703702,0.0
2024-05-28,4.74,4.59,4.75,4.59,29181.0,13592660.0,-3.164556962025322,-0.15000000000000036,3.4858387799564303,0.0
2024-05-29,4.61,4.6,4.69,4.54,32820.0,15170470.0,0.2178649237472685,0.009999999999999787,3.3039647577092586,0.0
2024-05-30,4.58,4.5,4.62,4.46,31946.0,14474051.0,-2.1739130434782483,-0.09999999999999964,3.587443946188344,0.0
2024-05-31,4.49,4.62,4.64,4.48,26911.0,12277351.0,2.6666666666666616,0.1200000000000001,3.5714285714285547,0.0
2024-06-03,4.6,4.42,4.6,4.34,48960.0,21809632.0,-4.329004329004338,-0.20000000000000018,5.990783410138245,0.0
2024-06-04,4.35,4.19,4.38,4.14,64000.0,26822742.0,-5.203619909502255,-0.22999999999999954,5.797101449275368,0.0
2024-06-05,4.17,4.02,4.18,4.0,52736.0,21456800.0,-4.057279236276868,-0.17000000000000082,4.499999999999993,0.0
2024-06-06,4.08,3.75,4.09,3.66,76824.0,29222666.0,-6.716417910447747,-0.2699999999999996,11.748633879781414,0.0
2024-06-07,3.89,4.0,4.08,3.87,61316.0,24403278.0,6.666666666666665,0.25,5.426356589147286,0.0
2024-06-11,3.97,3.99,4.0,3.71,42466.0,16655796.0,-0.24999999999999467,-0.009999999999999787,7.816711590296498,0.0
2024-06-12,3.98,4.13,4.14,3.96,36331.0,14851694.0,3.50877192982455,0.13999999999999968,4.545454545454539,0.0
2024-06-13,4.14,4.08,4.17,4.04,34563.0,14117200.0,-1.2106537530266248,-0.04999999999999982,3.2178217821782154,0.0
2024-06-14,4.1,4.1,4.13,3.98,28857.0,11744901.0,0.4901960784313708,0.019999999999999574,3.768844221105525,0.0
2024-06-17,4.07,3.98,4.1,3.95,33237.0,13292454.0,-2.9268292682926744,-0.11999999999999966,3.797468354430366,0.0
2024-06-18,3.96,4.06,4.08,3.95,43768.0,17608286.0,2.010050251256268,0.07999999999999963,3.2911392405063267,0.0
2024-06-19,4.07,4.06,4.12,4.03,35616.0,14501817.0,0.0,0.0,2.233250620347391,0.0
2024-06-20,4.08,3.93,4.09,3.9,33877.0,13468833.0,-3.2019704433497442,-0.12999999999999945,4.8717948717948705,0.0
2024-06-21,3.93,3.95,4.02,3.9,28325.0,11212377.0,0.5089058524172962,0.020000000000000018,3.076923076923068,0.0
2024-06-24,3.92,3.71,3.92,3.7,47802.0,17971800.0,-6.075949367088618,-0.2400000000000002,5.9459459459459385,0.0
2024-06-25,3.68,3.81,3.84,3.68,36804.0,13911544.0,2.695417789757415,0.10000000000000009,4.3478260869565135,0.0
2024-06-26,3.8,3.96,3.97,3.73,38802.0,15002729.0,3.937007874015741,0.1499999999999999,6.4343163538874055,0.0
2024-06-27,3.93,3.92,4.03,3.91,33444.0,13246388.0,-1.0101010101010055,-0.040000000000000036,3.0690537084399003,0.0
2024-06-28,3.91,3.94,4.03,3.87,41277.0,16395395.0,0.5102040816326481,0.020000000000000018,4.134366925064603,0.0
2024-07-01,3.93,3.91,3.97,3.81,45807.0,17770212.0,-0.761421319796951,-0.029999999999999805,4.199475065616801,0.0
2024-07-02,3.91,3.99,4.03,3.89,37407.0,14924137.0,2.0460358056265893,0.08000000000000007,3.5989717223650417,0.0
2024-07-03,3.99,4.02,4.09,3.94,34453.0,13866226.0,0.7518796992481036,0.02999999999999936,3.807106598984769,0.0
2024-07-04,4.02,3.84,4.04,3.79,45383.0,17562762.0,-4.477611940298498,-0.17999999999999972,6.596306068601583,0.0
2024-07-05,3.84,3.92,3.93,3.74,30960.0,11970314.0,2.083333333333326,0.08000000000000007,5.080213903743314,0.0
2024-07-08,3.89,3.77,3.92,3.74,33918.0,12841415.0,-3.826530612244894,-0.1499999999999999,4.812834224598923,0.0
2024-07-09,3.78,3.82,3.84,3.63,43671.0,16395704.0,1.3262599469495928,0.04999999999999982,5.785123966942148,0.0
2024-07-10,3.79,3.72,3.81,3.67,32296.0,12089185.0,-2.617801047120405,-0.09999999999999964,3.814713896457769,0.0
2024-07-11,3.78,3.88,3.89,3.78,43807.0,16903894.0,4.3010752688172005,0.1599999999999997,2.9100529100529187,0.0
2024-07-12,3.9,3.85,3.98,3.81,37453.0,14507381.0,-0.773195876288657,-0.029999999999999805,4.461942257217846,0.0
2024-07-15,3.84,3.73,3.86,3.69,33723.0,12615125.0,-3.116883116883118,-0.1200000000000001,4.607046070460703,0.0
2024-07-16,3.71,3.7,3.77,3.66,30381.0,11244752.0,-0.8042895442359144,-0.029999999999999805,3.005464480874313,0.0
2024-07-17,3.71,3.64,3.73,3.61,28381.0,10365404.0,-1.6216216216216273,-0.06000000000000005,3.3240997229916927,0.0
2024-07-18,3.63,3.64,3.69,3.51,32124.0,11525174.0,0.0,0.0,5.128205128205133,0.0
2024-07-19,3.62,3.69,3.74,3.6,26024.0,9571533.0,1.3736263736263687,0.04999999999999982,3.8888888888888924,0.0
2024-07-22,3.68,3.75,3.8,3.64,30049.0,11225253.0,1.6260162601626105,0.06000000000000005,4.395604395604387,0.0
2024-07-23,3.77,3.68,3.83,3.66,29753.0,11156645.0,-1.866666666666661,-0.06999999999999984,4.644808743169397,0.0
2024-07-24,3.68,3.63,3.69,3.59,27368.0,9948201.0,-1.3586956521739246,-0.050000000000000266,2.7855153203342646,0.0
2024-07-25,3.6,3.67,3.72,3.55,30937.0,11249908.0,1.1019283746556585,0.040000000000000036,4.788732394366209,0.0
2024-07-26,3.67,3.74,3.77,3.67,23099.0,8594048.0,1.9073569482289,0.07000000000000028,2.724795640326978,0.0
2024-07-29,3.72,3.79,3.82,3.69,31229.0,11764304.0,1.3368983957219305,0.04999999999999982,3.5230352303523005,0.0
2024-07-30,3.77,3.81,3.85,3.74,22179.0,8440059.0,0.5277044854881341,0.020000000000000018,2.941176470588232,0.0
2024-07-31,3.82,3.94,3.94,3.78,32945.0,12807249.0,3.4120734908136496,0.1299999999999999,4.232804232804237,0.0
2024-08-01,3.95,3.93,3.99,3.9,45189.0,17765240.0,-0.25380710659898,-0.009999999999999787,2.3076923076923155,0.0
2024-08-02,3.9,3.86,3.95,3.85,22825.0,8903086.0,-1.7811704834605702,-0.07000000000000028,2.5974025974025996,0.0
2024-08-05,3.77,3.8,3.95,3.77,36473.0,14084886.0,-1.5544041450777257,-0.06000000000000005,4.774535809018572,0.0
2024-08-06,3.81,3.91,3.92,3.81,27811.0,10756291.0,2.894736842105261,0.11000000000000032,2.8871391076115454,0.0
2024-08-07,3.91,3.9,3.95,3.88,19420.0,7596715.0,-0.2557544757033292,-0.010000000000000231,1.8041237113402135,0.0
2024-08-08,3.87,3.92,3.95,3.82,27023.0,10523352.0,0.512820512820511,0.020000000000000018,3.4031413612565538,0.0
2024-08-09,3.95,3.91,3.98,3.88,22425.0,8825646.0,-0.25510204081632404,-0.009999999999999787,2.5773195876288684,0.0
2024-08-12,3.89,3.88,3.91,3.85,21167.0,8184099.0,-0.7672634271099765,-0.03000000000000025,1.5584415584415598,0.0
2024-08-13,3.85,3.96,3.97,3.82,38804.0,15137816.0,2.0618556701030855,0.08000000000000007,3.926701570680638,0.0
2024-08-14,3.95,4.01,4.04,3.93,34284.0,13703016.0,1.262626262626254,0.04999999999999982,2.7989821882951618,0.0
2024-08-15,4.02,4.06,4.07,3.94,37516.0,15076320.0,1.2468827930174564,0.04999999999999982,3.2994923857868104,0.0
2024-08-16,4.08,4.0,4.08,3.94,30671.0,12311247.0,-1.477832512315258,-0.05999999999999961,3.55329949238579,0.0
2024-08-19,4.01,3.99,4.08,3.94,30474.0,12213929.0,-0.24999999999999467,-0.009999999999999787,3.55329949238579,0.0
2024-08-20,4.01,3.89,4.06,3.85,51636.0,20498902.0,-2.506265664160401,-0.10000000000000009,5.454545454545442,0.0
2024-08-21,3.89,3.93,3.99,3.87,36558.0,14334887.0,1.0282776349614497,0.040000000000000036,3.1007751937984525,0.0
2024-08-22,3.93,3.83,3.96,3.81,30767.0,11900736.0,-2.5445292620865145,-0.10000000000000009,3.937007874015746,0.0
2024-08-23,3.86,3.74,3.87,3.7,34350.0,12900806.0,-2.3498694516971286,-0.08999999999999986,4.594594594594593,0.0
2024-08-26,3.74,3.85,3.88,3.69,30706.0,11707454.0,2.941176470588225,0.10999999999999988,5.149051490514904,0.0
2024-08-27,3.85,3.8,3.89,3.75,31791.0,12154884.0,-1.2987012987013102,-0.050000000000000266,3.7333333333333365,0.0
2024-08-28,3.78,3.9,4.3,3.76,97576.0,38909228.0,2.6315789473684292,0.10000000000000009,14.361702127659576,0.0
2024-08-29,3.91,4.04,4.1,3.85,112141.0,44841592.0,3.589743589743599,0.14000000000000012,6.493506493506482,0.0
2024-08-30,4.0,4.05,4.14,3.94,92906.0,37564976.0,0.24752475247524774,0.009999999999999787,5.076142131979688,0.0
2024-09-02,4.05,4.06,4.12,4.0,66409.0,27046860.0,0.24691358024691024,0.009999999999999787,3.0000000000000027,0.0
2024-09-03,4.07,4.05,4.12,4.0,39727.0,16098262.0,-0.24630541871920597,-0.009999999999999787,3.0000000000000027,0.0
2024-09-04,4.06,4.01,4.06,3.97,34052.0,13673835.0,-0.987654320987652,-0.040000000000000036,2.267002518891673,0.0
2024-09-05,3.98,4.11,4.13,3.98,47850.0,19516044.0,2.493765586034935,0.10000000000000053,3.768844221105525,0.0
2024-09-06,4.11,3.98,4.11,3.97,40433.0,16247503.0,-3.1630170316301776,-0.13000000000000034,3.526448362720406,0.0
2024-09-09,3.95,4.0,4.05,3.91,29853.0,11920623.0,0.5025125628140614,0.020000000000000018,3.5805626598465388,0.0
2024-09-10,3.98,4.07,4.08,3.98,33940.0,13717040.0,1.750000000000007,0.07000000000000028,2.5125628140703538,0.0
2024-09-11,4.06,4.06,4.09,4.01,33071.0,13386750.0,-0.24570024570026439,-0.010000000000000675,1.9950124688279323,0.0
2024-09-12,4.05,4.05,4.14,4.03,43433.0,17751204.0,-0.24630541871920597,-0.009999999999999787,2.7295285359801347,0.0
2024-09-13,4.04,4.0,4.12,4.0,29902.0,12124467.0,-1.2345679012345623,-0.04999999999999982,3.0000000000000027,0.0
2024-09-18,4.02,3.92,4.02,3.81,42700.0,16617477.0,-2.0000000000000018,-0.08000000000000007,5.511811023622035,0.0
2024-09-19,3.93,4.07,4.09,3.93,42094.0,17010440.0,3.826530612244916,0.15000000000000036,4.071246819338414,0.0
2024-09-20,4.09,4.03,4.09,4.0,35293.0,14309002.0,-0.9828009828009798,-0.040000000000000036,2.2499999999999964,0.0
2024-09-23,4.03,4.02,4.09,4.0,34155.0,13800802.0,-0.24813895781639062,-0.010000000000000675,2.2499999999999964,0.0
2024-09-24,4.05,4.16,4.16,4.03,44104.0,18098000.0,3.4825870646766344,0.14000000000000057,3.2258064516129004,0.0
2024-09-25,4.19,4.18,4.26,4.16,45528.0,19165400.0,0.48076923076922906,0.019999999999999574,2.4038461538461453,0.0
2024-09-26,4.2,4.29,4.3,4.17,47318.0,20025072.0,2.6315789473684292,0.11000000000000032,3.1175059952038344,0.0
2024-09-27,4.3,4.47,4.53,4.27,91851.0,40348636.0,4.195804195804187,0.17999999999999972,6.088992974238892,0.0
2024-09-30,4.56,5.05,5.07,4.46,176728.0,84842032.0,12.975391498881429,0.5800000000000001,13.677130044843056,0.0
2024-10-08,5.6,5.52,5.96,5.11,209569.0,115568288.0,9.306930693069294,0.46999999999999975,16.634050880626212,0.0
2024-10-09,5.4,4.82,5.42,4.76,140313.0,70713216.0,-12.681159420289845,-0.6999999999999993,13.865546218487399,0.0
2024-10-10,4.88,4.94,5.07,4.72,107579.0,52955552.0,2.4896265560165887,0.1200000000000001,7.415254237288147,0.0
2024-10-11,4.9,4.71,4.92,4.64,78411.0,37118948.0,-4.655870445344135,-0.23000000000000043,6.034482758620696,0.0
2024-10-14,4.66,4.83,4.88,4.66,61897.0,29532248.0,2.547770700636942,0.1200000000000001,4.72103004291845,0.0
2024-10-15,4.82,4.78,4.93,4.76,62172.0,30135854.0,-1.0351966873705987,-0.04999999999999982,3.57142857142857,0.0
2024-10-16,4.74,4.81,4.88,4.71,45708.0,21992398.0,0.6276150627614996,0.02999999999999936,3.6093418259023338,0.0
2024-10-17,4.85,4.81,4.99,4.8,60918.0,29835540.0,0.0,0.0,3.9583333333333415,0.0
2024-10-18,4.81,4.93,5.0,4.78,65476.0,32066518.0,2.494802494802495,0.1200000000000001,4.6025104602510405,0.0
2024-10-21,4.92,4.99,5.0,4.89,61003.0,30171104.0,1.217038539553772,0.0600000000000005,2.249488752556244,0.0
2024-10-22,4.99,5.05,5.13,4.96,54961.0,27657608.0,1.2024048096192397,0.05999999999999961,3.427419354838708,0.0
2024-10-23,5.09,5.1,5.21,5.05,86352.0,44332260.0,0.990099009900991,0.04999999999999982,3.168316831683171,0.0
2024-10-24,5.1,5.0,5.1,4.95,69531.0,34817372.0,-1.9607843137254832,-0.09999999999999964,3.030303030303019,0.0
2024-10-25,5.0,5.09,5.11,5.0,77593.0,39318752.0,1.8000000000000016,0.08999999999999986,2.2000000000000064,0.0
2024-10-28,5.1,5.24,5.25,5.1,87382.0,45269036.0,2.946954813359537,0.15000000000000036,2.9411764705882426,0.0
2024-10-29,5.28,5.13,5.35,5.09,112770.0,58787608.0,-2.0992366412213803,-0.11000000000000032,5.108055009823179,0.0
2024-10-30,5.12,5.1,5.2,5.01,73828.0,37739112.0,-0.5847953216374324,-0.03000000000000025,3.7924151696606865,0.0
2024-10-31,5.1,5.19,5.23,5.08,64933.0,33575628.0,1.7647058823529571,0.09000000000000075,2.9527559055118178,0.0
2024-11-01,5.18,4.91,5.21,4.87,113522.0,56514736.0,-5.394990366088637,-0.28000000000000025,6.981519507186855,0.0
2024-11-04,4.96,5.07,5.07,4.86,80472.0,40072232.0,3.258655804480659,0.16000000000000014,4.320987654320986,0.0
2024-11-05,5.05,5.19,5.19,5.05,73495.0,37779732.0,2.366863905325456,0.1200000000000001,2.7722772277227836,0.0
2024-11-06,5.18,5.27,5.29,5.11,86711.0,45311512.0,1.541425818882458,0.07999999999999918,3.5225048923679,0.0
2024-11-07,5.24,5.45,5.45,5.18,109275.0,58630756.0,3.4155597722960174,0.1800000000000006,5.212355212355221,0.0
2024-11-08,5.46,5.38,5.49,5.31,85669.0,46207136.0,-1.2844036697247763,-0.07000000000000028,3.389830508474588,0.0
2024-11-11,5.39,5.5,5.5,5.35,69968.0,37979888.0,2.230483271375472,0.1200000000000001,2.8037383177570163,0.0
2024-11-12,5.5,5.42,5.57,5.34,74159.0,40463732.0,-1.4545454545454528,-0.08000000000000007,4.307116104868922,0.0
2024-11-13,5.43,5.45,5.5,5.26,67290.0,36253456.0,0.5535055350553542,0.03000000000000025,4.562737642585556,0.0
2024-11-14,5.43,5.26,5.47,5.23,64020.0,34206612.0,-3.4862385321100975,-0.1900000000000004,4.588910133843199,0.0
2024-11-15,5.26,5.64,5.77,5.26,250424.0,138927392.0,7.2243346007604625,0.3799999999999999,9.695817490494294,0.0
2024-11-18,5.58,5.29,5.62,5.19,175652.0,93674056.0,-6.205673758865238,-0.34999999999999964,8.285163776493249,0.0
2024-11-19,5.3,5.59,5.6,5.25,187359.0,101217568.0,5.6710775047258855,0.2999999999999998,6.66666666666666,0.0
2024-11-20,5.59,5.58,5.64,5.43,173624.0,96299616.0,-0.17889087656529634,-0.009999999999999787,3.867403314917127,0.0
2024-11-21,5.57,5.78,5.87,5.5,232756.0,133195720.0,3.584229390681015,0.20000000000000018,6.727272727272729,0.0
2024-11-22,5.75,5.7,6.14,5.7,273093.0,161408192.0,-1.384083044982698,-0.08000000000000007,7.719298245614025,0.0
2024-11-25,5.74,6.3,6.84,5.74,425171.0,263695648.0,10.526315789473673,0.5999999999999996,19.163763066202083,0.0
2024-11-26,6.7,7.54,7.56,6.42,1080187.0,792501056.0,19.68253968253968,1.2400000000000002,17.75700934579439,0.0
2024-11-27,6.69,7.92,8.3,6.64,1042396.0,763782080.0,5.039787798408479,0.3799999999999999,25.000000000000018,0.0
2024-11-28,7.56,7.15,7.97,7.0,770813.0,573612736.0,-9.722222222222221,-0.7699999999999996,13.857142857142854,0.0
2024-11-29,6.76,6.63,6.93,6.47,557475.0,373528288.0,-7.272727272727275,-0.5200000000000005,7.109737248840803,0.0
2024-12-02,6.9,7.96,7.96,6.76,493094.0,376987136.0,20.060331825037704,1.33,17.751479289940832,0.0
2024-12-03,8.24,7.96,9.1,7.61,1034998.0,858211072.0,0.0,0.0,19.579500657030213,0.0
2024-12-04,7.53,7.3,7.82,7.11,642131.0,475856032.0,-8.291457286432157,-0.6600000000000001,9.985935302390999,0.0
2024-12-05,7.22,7.37,7.43,7.05,449348.0,325985024.0,0.9589041095890538,0.07000000000000028,5.3900709219858145,0.0
2024-12-06,7.23,7.13,7.34,6.95,363760.0,259462128.0,-3.256445047489831,-0.2400000000000002,5.611510791366902,0.0
2024-12-09,7.07,7.12,7.13,6.87,288533.0,201634032.0,-0.14025245441794398,-0.009999999999999787,3.7845705967976677,0.0
2024-12-10,7.3,7.11,7.49,7.11,423037.0,307342752.0,-0.1404494382022392,-0.009999999999999787,5.344585091420533,0.0
2024-12-11,6.91,7.41,7.48,6.86,446674.0,324709344.0,4.219409282700415,0.2999999999999998,9.03790087463557,0.0
2024-12-12,7.35,7.75,7.98,7.21,582086.0,440899648.0,4.5883940620782715,0.33999999999999986,10.679611650485443,0.0
2024-12-13,7.59,7.82,8.36,7.5,696458.0,558342656.0,0.903225806451613,0.07000000000000028,11.46666666666666,0.0
2024-12-16,8.12,7.74,8.12,7.59,465166.0,366799392.0,-1.0230179028132946,-0.08000000000000007,6.982872200263496,0.0
2024-12-17,7.46,6.97,7.5,6.9,352040.0,249577152.0,-9.948320413436695,-0.7700000000000005,8.695652173913038,0.0
2024-12-18,6.89,6.89,7.03,6.58,248142.0,169306800.0,-1.147776183644189,-0.08000000000000007,6.8389057750759905,0.0
2024-12-19,6.75,6.67,6.88,6.53,212766.0,141866992.0,-3.193033381712629,-0.21999999999999975,5.359877488514543,0.0
2024-12-20,6.71,6.8,7.09,6.67,236651.0,163075456.0,1.9490254872563728,0.1299999999999999,6.296851574212893,0.0
2024-12-23,6.73,6.09,6.76,6.02,288883.0,180876064.0,-10.441176470588232,-0.71,12.292358803986716,0.0
2024-12-24,6.18,6.1,6.28,5.92,178020.0,108257096.0,0.16420361247946325,0.009999999999999787,6.081081081081086,0.0
2024-12-25,6.05,5.95,6.1,5.66,200613.0,117535496.0,-2.4590163934426146,-0.14999999999999947,7.773851590105998,0.0
2024-12-26,5.95,5.96,6.1,5.92,149019.0,89592048.0,0.1680672268907557,0.009999999999999787,3.040540540540536,0.0
2024-12-27,5.99,6.01,6.11,5.88,120794.0,72973000.0,0.8389261744966348,0.04999999999999982,3.9115646258503474,0.0
2024-12-30,5.98,5.83,5.99,5.7,139442.0,81002504.0,-2.9950083194675514,-0.17999999999999972,5.087719298245615,0.0
2024-12-31,5.83,5.64,5.91,5.62,116776.0,66919948.0,-3.2590051457976,-0.1900000000000004,5.160142348754449,0.0
2025-01-02,5.76,5.74,5.94,5.62,173975.0,100959536.0,1.7730496453900901,0.10000000000000053,5.693950177935949,0.0
2025-01-03,5.89,5.31,5.93,5.28,162921.0,89650080.0,-7.491289198606276,-0.4300000000000006,12.31060606060605,0.0
2025-01-06,5.31,5.22,5.36,4.95,129268.0,67417824.0,-1.6949152542372836,-0.08999999999999986,8.282828282828286,0.0
2025-01-07,5.28,5.47,5.48,5.27,131591.0,70658416.0,4.789272030651337,0.25,3.9848197343453675,0.0
2025-01-08,5.47,5.47,5.53,5.22,115248.0,62165716.0,0.0,0.0,5.938697318007673,0.0
2025-01-09,5.46,5.55,5.74,5.41,157947.0,88346608.0,1.4625228519195677,0.08000000000000007,6.099815157116452,0.0
2025-01-10,5.65,6.13,6.66,5.65,573205.0,367021504.0,10.450450450450454,0.5800000000000001,17.876106194690262,0.0
2025-01-13,5.64,5.81,5.93,5.55,481984.0,276998656.0,-5.220228384991843,-0.3200000000000003,6.846846846846845,0.0
2025-01-14,6.09,6.23,6.26,5.94,429167.0,261824048.0,7.228915662650626,0.4200000000000008,5.387205387205377,0.0
2025-01-15,6.21,6.3,6.58,6.07,480013.0,301558368.0,1.123595505617958,0.0699999999999994,8.401976935749584,0.0
2025-01-16,6.23,6.79,6.85,6.14,575791.0,374023872.0,7.777777777777772,0.4900000000000002,11.563517915309445,0.0
2025-01-17,6.53,6.15,6.53,6.12,395628.0,249418336.0,-9.425625920471282,-0.6399999999999997,6.699346405228761,0.0
2025-01-20,6.16,6.25,6.38,6.04,213501.0,132363392.0,1.6260162601625883,0.09999999999999964,5.629139072847679,0.0
2025-01-21,6.31,6.14,6.42,6.02,224179.0,139132752.0,-1.760000000000006,-0.11000000000000032,6.644518272425255,0.0
2025-01-22,6.06,5.75,6.09,5.72,207987.0,121144112.0,-6.351791530944617,-0.3899999999999997,6.46853146853147,0.0
2025-01-23,5.88,5.73,5.98,5.73,169454.0,99303008.0,-0.3478260869565153,-0.019999999999999574,4.363001745200698,0.0
2025-01-24,5.73,5.89,5.9,5.66,146785.0,84977424.0,2.7923211169284423,0.15999999999999925,4.240282685512371,0.0
2025-01-27,6.05,5.76,6.1,5.76,152963.0,90668864.0,-2.2071307300509324,-0.1299999999999999,5.902777777777776,0.0
2025-02-05,5.84,5.86,5.94,5.78,125527.0,73537552.0,1.736111111111116,0.10000000000000053,2.7681660899654004,0.0
2025-02-06,5.82,5.97,5.98,5.76,183378.0,107885976.0,1.8771331058020424,0.10999999999999943,3.8194444444444557,0.0
2025-02-07,5.99,6.04,6.14,5.94,223494.0,135160224.0,1.1725293132328396,0.07000000000000028,3.3670033670033552,0.0
2025-02-10,6.07,6.14,6.15,6.03,169875.0,103458096.0,1.655629139072845,0.09999999999999964,1.9900497512437827,0.0
2025-02-11,6.14,6.54,6.57,6.08,377511.0,238502592.0,6.514657980456029,0.40000000000000036,8.059210526315793,0.0
2025-02-12,6.39,6.4,6.46,6.31,278461.0,177725920.0,-2.1406727828746086,-0.13999999999999968,2.3771790808240945,0.0
2025-02-13,6.4,6.24,6.4,6.17,223972.0,140224656.0,-2.500000000000002,-0.16000000000000014,3.7277147487844475,0.0
2025-02-14,6.21,6.17,6.25,6.11,168767.0,104227928.0,-1.121794871794879,-0.07000000000000028,2.2913256955810093,0.0
2025-02-17,6.21,6.29,6.34,6.16,184206.0,115405296.0,1.944894651539708,0.1200000000000001,2.9220779220779174,0.0
2025-02-18,6.23,5.87,6.27,5.8,229910.0,138557888.0,-6.677265500794915,-0.41999999999999993,8.103448275862064,0.0
2025-02-19,5.86,5.98,5.99,5.83,142962.0,84800896.0,1.873935264054527,0.11000000000000032,2.7444253859348224,0.0
2025-02-20,5.99,6.01,6.06,5.94,136357.0,81785040.0,0.5016722408026641,0.02999999999999936,2.020202020202007,0.0
2025-02-21,6.03,5.97,6.05,5.83,153911.0,91076192.0,-0.6655574043261225,-0.040000000000000036,3.773584905660373,0.0
2025-02-24,5.98,6.03,6.09,5.87,142992.0,85576032.0,1.005025125628145,0.0600000000000005,3.7478705281090248,0.0
2025-02-25,5.96,5.89,6.02,5.86,116029.0,68874824.0,-2.321724709784423,-0.14000000000000057,2.7303754266211477,0.0
2025-02-26,5.93,5.9,6.03,5.84,139890.0,82560632.0,0.1697792869270076,0.010000000000000675,3.253424657534253,0.0
2025-02-27,5.9,5.85,5.97,5.73,119231.0,69730512.0,-0.8474576271186529,-0.05000000000000071,4.188481675392658,0.0
2025-02-28,5.82,5.61,5.84,5.6,118396.0,67341040.0,-4.102564102564088,-0.23999999999999932,4.28571428571429,0.0
2025-03-03,5.67,5.66,5.76,5.61,91664.0,52201020.0,0.8912655971479388,0.04999999999999982,2.6737967914438405,0.0
2025-03-04,5.66,5.74,5.75,5.65,81705.0,46616760.0,1.4134275618374659,0.08000000000000007,1.7699115044247724,0.0
2025-03-05,5.75,5.67,5.76,5.57,92784.0,52246880.0,-1.2195121951219523,-0.07000000000000028,3.411131059245951,0.0
2025-03-06,5.68,5.86,5.86,5.65,154036.0,89204960.0,3.3509700176366897,0.1900000000000004,3.7168141592920345,0.0
2025-03-07,5.83,5.7,5.88,5.67,107000.0,61716848.0,-2.7303754266211677,-0.16000000000000014,3.703703703703703,0.0
2025-03-10,5.72,5.68,5.77,5.64,97779.0,55654988.0,-0.35087719298246833,-0.020000000000000462,2.3049645390070905,0.0
2025-03-11,5.63,5.7,5.7,5.59,67035.0,37875680.0,0.35211267605634866,0.020000000000000462,1.9677996422182524,0.0
2025-03-12,5.73,5.73,5.78,5.68,94781.0,54326560.0,0.5263157894736858,0.03000000000000025,1.7605633802816996,0.0
2025-03-13,5.76,5.73,5.82,5.61,148101.0,84551680.0,0.0,0.0,3.7433155080213893,0.0
2025-03-14,5.72,5.92,5.93,5.67,166882.0,97224248.0,3.315881326352521,0.1899999999999995,4.585537918871249,0.0
2025-03-17,5.94,5.95,5.98,5.84,124794.0,73882720.0,0.5067567567567544,0.03000000000000025,2.3972602739726128,0.0
2025-03-18,5.95,5.94,5.99,5.87,91923.0,54332912.0,-0.1680672268907557,-0.009999999999999787,2.0442930153321996,0.0
2025-03-19,5.94,5.9,5.98,5.88,88964.0,52714448.0,-0.6734006734006703,-0.040000000000000036,1.7006802721088528,0.0
2025-03-20,5.9,5.91,5.94,5.85,96298.0,56815336.0,0.16949152542371504,0.009999999999999787,1.5384615384615514,0.0
2025-03-21,5.87,5.79,5.91,5.77,94052.0,54796056.0,-2.0304568527918843,-0.1200000000000001,2.4263431542461107,0.0
2025-03-24,5.8,5.52,5.85,5.37,138758.0,77258872.0,-4.6632124352331665,-0.27000000000000046,8.93854748603351,0.0
2025-03-25,5.5,5.5,5.55,5.39,89877.0,49234620.0,-0.36231884057970065,-0.019999999999999574,2.968460111317257,0.0
2025-03-26,5.46,5.61,5.64,5.46,91755.0,51347920.0,2.0000000000000018,0.11000000000000032,3.296703296703291,0.0
2025-03-27,5.61,5.69,5.87,5.49,178044.0,101826208.0,1.426024955436711,0.08000000000000007,6.921675774134789,0.0
2025-03-28,5.63,5.51,5.85,5.5,133884.0,74851448.0,-3.1634446397188154,-0.1800000000000006,6.363636363636357,0.0
2025-03-31,5.48,5.38,5.49,5.27,102327.0,54680472.0,-2.3593466424682408,-0.1299999999999999,4.174573055028476,0.0
2025-04-01,5.39,5.48,5.58,5.39,92398.0,50895616.0,1.858736059479571,0.10000000000000053,3.5250463821892466,0.0
2025-04-02,5.48,5.46,5.53,5.44,50822.0,27897676.0,-0.36496350364964014,-0.020000000000000462,1.6544117647058796,0.0
2025-04-03,5.37,5.43,5.51,5.37,72663.0,39441212.0,-0.5494505494505586,-0.03000000000000025,2.607076350093104,0.0
2025-04-07,5.1,4.53,5.12,4.34,156748.0,73257536.0,-16.574585635359107,-0.8999999999999995,17.97235023041475,0.0
2025-04-08,4.58,4.68,4.83,4.53,116269.0,54022512.0,3.31125827814569,0.14999999999999947,6.622516556291387,0.0
2025-04-09,4.6,4.89,4.94,4.26,126414.0,58470668.0,4.487179487179493,0.20999999999999996,15.962441314554004,0.0
2025-04-10,4.98,5.08,5.19,4.98,120398.0,61335716.0,3.885480572597144,0.1900000000000004,4.216867469879517,0.0
2025-04-11,5.06,5.14,5.18,5.0,89082.0,45590152.0,1.1811023622047223,0.05999999999999961,3.5999999999999943,0.0
2025-04-14,5.23,5.26,5.38,5.15,89627.0,47419052.0,2.3346303501945442,0.1200000000000001,4.466019417475719,0.0
2025-04-15,5.26,5.57,5.94,5.26,260807.0,145620672.0,5.893536121673004,0.3100000000000005,12.92775665399241,0.0
2025-04-16,5.67,5.39,5.85,5.35,265197.0,147570592.0,-3.2315978456014416,-0.1800000000000006,9.345794392523366,0.0
2025-04-17,5.34,5.36,5.54,5.25,151523.0,81599768.0,-0.5565862708719727,-0.02999999999999936,5.523809523809525,0.0
2025-04-18,5.33,5.26,5.41,5.17,124686.0,65635252.0,-1.8656716417910557,-0.10000000000000053,4.642166344294008,0.0
2025-04-21,5.29,5.44,5.46,5.21,115802.0,62398180.0,3.4220532319391817,0.1800000000000006,4.798464491362764,0.0
2025-04-22,5.45,5.42,5.53,5.36,80033.0,43360832.0,-0.3676470588235392,-0.020000000000000462,3.1716417910447747,0.0
2025-04-23,5.45,5.42,5.6,5.4,107952.0,59117172.0,0.0,0.0,3.7037037037036904,0.0
2025-04-24,5.44,5.37,5.55,5.34,125451.0,68039928.0,-0.9225092250922495,-0.04999999999999982,3.9325842696629207,0.0
2025-04-25,5.34,5.3,5.39,5.28,87408.0,46645564.0,-1.3035381750465591,-0.07000000000000028,2.0833333333333224,0.0
2025-04-28,5.27,5.31,5.41,5.16,99192.0,52581168.0,0.18867924528300772,0.009999999999999787,4.844961240310077,0.0
2025-04-29,5.3,5.67,6.12,5.3,276210.0,157566096.0,6.779661016949157,0.3600000000000003,15.471698113207552,0.0
2025-04-30,5.71,5.59,5.77,5.58,174218.0,98606528.0,-1.4109347442680775,-0.08000000000000007,3.4050179211469445,0.0
2025-05-06,5.64,5.77,5.79,5.53,163322.0,93376176.0,3.220035778175312,0.17999999999999972,4.701627486437609,0.0
2025-05-07,5.81,5.83,5.89,5.76,163413.0,95285352.0,1.0398613518197708,0.0600000000000005,2.256944444444443,0.0
2025-05-08,5.81,5.9,5.91,5.79,117963.0,69343088.0,1.2006861063464935,0.07000000000000028,2.072538860103629,0.0
2025-05-09,5.92,5.9,5.97,5.72,128252.0,75641176.0,0.0,0.0,4.370629370629371,0.0
2025-05-12,5.94,5.96,6.15,5.87,140282.0,83626352.0,1.0169491525423568,0.05999999999999961,4.770017035775132,0.0
2025-05-13,6.1,5.95,6.23,5.93,142824.0,86051864.0,-0.1677852348993203,-0.009999999999999787,5.059021922428343,0.0
2025-05-14,5.94,5.95,5.98,5.86,103057.0,60994256.0,0.0,0.0,2.047781569965872,0.0
2025-05-15,5.94,6.02,6.1,5.86,126464.0,75966944.0,1.17647058823529,0.0699999999999994,4.095563139931729,0.0
2025-05-16,5.97,5.97,6.05,5.92,75953.0,45457940.0,-0.830564784053156,-0.04999999999999982,2.1959459459459443,0.0
2025-05-19,6.0,6.08,6.1,5.93,101473.0,61244552.0,1.8425460636515956,0.11000000000000032,2.866779089376053,0.0
2025-05-20,6.09,6.46,6.68,6.04,426941.0,272716160.0,6.25,0.3799999999999999,10.596026490066219,0.0
2025-05-21,6.46,6.3,6.51,6.19,289004.0,182155184.0,-2.4767801857585203,-0.16000000000000014,5.1696284329563715,0.0
2025-05-22,6.27,6.28,6.4,6.12,220550.0,138170528.0,-0.31746031746030523,-0.019999999999999574,4.575163398692815,0.0
2025-05-23,6.22,6.06,6.24,6.04,177294.0,108721080.0,-3.5031847133758065,-0.22000000000000064,3.3112582781456985,0.0
2025-05-26,6.09,6.2,6.33,5.98,159580.0,98236832.0,2.310231023102327,0.14000000000000057,5.8528428093645415,0.0
2025-05-27,6.2,6.49,6.55,6.2,313126.0,201271728.0,4.677419354838719,0.29000000000000004,5.645161290322575,0.0
2025-05-28,6.5,6.47,6.53,6.25,269888.0,172181024.0,-0.30816640986133237,-0.020000000000000462,4.480000000000004,0.0
2025-05-29,6.38,6.42,6.55,6.32,183944.0,118241912.0,-0.7727975270479082,-0.04999999999999982,3.6392405063291062,0.0
2025-05-30,6.38,6.23,6.42,6.15,155358.0,97272456.0,-2.9595015576323935,-0.1899999999999995,4.390243902439018,0.0
2025-06-03,6.23,6.58,6.63,6.23,296736.0,193187264.0,5.617977528089879,0.34999999999999964,6.420545746388434,0.0
2025-06-04,6.6,6.89,7.36,6.53,519085.0,355903136.0,4.711246200607899,0.3099999999999996,12.710566615620214,0.0
2025-06-05,6.9,6.76,7.06,6.69,351382.0,240601632.0,-1.8867924528301883,-0.1299999999999999,5.53064275037368,0.0
2025-06-06,6.77,6.62,6.8,6.51,226818.0,149371648.0,-2.071005917159763,-0.13999999999999968,4.454685099846391,0.0
2025-06-09,6.69,6.89,7.01,6.61,278399.0,189706160.0,4.078549848942581,0.2699999999999996,6.051437216338872,0.0
2025-06-10,6.88,6.77,6.92,6.62,235634.0,159580912.0,-1.7416545718432541,-0.1200000000000001,4.531722054380662,0.0
2025-06-11,6.83,7.1,7.3,6.83,468102.0,331995616.0,4.874446085672091,0.33000000000000007,6.881405563689601,0.0
2025-06-12,7.11,8.52,8.52,7.03,651528.0,529513920.0,19.999999999999996,1.42,21.19487908961592,0.0
2025-06-13,8.61,7.6,8.68,7.51,982997.0,773889088.0,-10.7981220657277,-0.9199999999999999,15.579227696404793,0.0
2025-06-16,7.33,7.82,7.88,7.27,636105.0,487321952.0,2.894736842105261,0.22000000000000064,8.390646492434668,0.0
2025-06-17,7.64,7.26,7.67,7.2,520558.0,381288448.0,-7.161125319693095,-0.5600000000000005,6.527777777777774,0.0
2025-06-18,7.11,6.78,7.11,6.72,424052.0,291196608.0,-6.611570247933873,-0.47999999999999954,5.803571428571437,0.0
2025-06-19,6.73,6.5,6.8,6.45,314459.0,207280288.0,-4.129793510324486,-0.28000000000000025,5.426356589147281,0.0
2025-06-20,6.59,6.38,6.6,6.35,214993.0,138823296.0,-1.846153846153853,-0.1200000000000001,3.937007874015748,0.0
2025-06-23,6.3,6.49,6.52,6.26,188913.0,121663392.0,1.7241379310344973,0.11000000000000032,4.153354632587856,0.0
2025-06-24,6.49,6.6,6.64,6.47,186950.0,123001440.0,1.6949152542372836,0.10999999999999943,2.6275115919629046,0.0
2025-06-25,6.63,6.54,6.65,6.48,182348.0,119404064.0,-0.9090909090909038,-0.05999999999999961,2.6234567901234556,0.0
2025-06-26,6.51,6.52,6.64,6.48,150774.0,98750728.0,-0.3058103975535187,-0.020000000000000462,2.469135802469124,0.0
2025-06-27,6.52,6.51,6.57,6.49,130861.0,85451192.0,-0.15337423312883347,-0.009999999999999787,1.2326656394453015,0.0
2025-06-30,6.54,6.69,6.72,6.53,207251.0,137805424.0,2.764976958525356,0.1800000000000006,2.9096477794793185,0.0
2025-07-01,6.7,6.61,6.72,6.51,165007.0,109099216.0,-1.195814648729443,-0.08000000000000007,3.2258064516129026,0.0
2025-07-02,6.61,6.51,6.63,6.48,151311.0,98780136.0,-1.5128593040847238,-0.10000000000000053,2.3148148148148064,0.0
2025-07-03,6.51,6.54,6.61,6.49,98890.0,64671108.0,0.4608294930875667,0.03000000000000025,1.8489984591679522,0.0
2025-07-04,6.44,6.33,6.44,6.3,202087.0,128348784.0,-3.2110091743119296,-0.20999999999999996,2.222222222222231,0.0
2025-07-07,6.33,6.47,6.49,6.31,122338.0,78798752.0,2.211690363349117,0.13999999999999968,2.8526148969889165,0.0
2025-07-08,6.49,6.52,6.54,6.43,96896.0,62853352.0,0.7727975270479082,0.04999999999999982,1.7107309486780766,0.0
2025-07-09,6.53,6.57,6.63,6.49,124526.0,81741568.0,0.7668711656441785,0.05000000000000071,2.1571648690292706,0.0
2025-07-10,6.55,6.55,6.6,6.48,96694.0,63166676.0,-0.3044140030441511,-0.020000000000000462,1.8518518518518396,0.0
2025-07-11,6.55,6.51,6.57,6.41,111789.0,72566352.0,-0.6106870229007688,-0.040000000000000036,2.496099843993762,0.0
2025-07-14,6.56,6.58,6.61,6.47,110403.0,72321624.0,1.0752688172043001,0.07000000000000028,2.1638330757341664,0.0
2025-07-15,6.59,6.42,6.59,6.34,107641.0,69117248.0,-2.4316109422492405,-0.16000000000000014,3.943217665615142,0.0
2025-07-16,6.45,6.56,6.61,6.4,139712.0,91498552.0,2.180685358255441,0.13999999999999968,3.2812499999999996,0.0
2025-07-17,6.57,6.57,6.67,6.51,106210.0,69658208.0,0.1524390243902607,0.010000000000000675,2.4577572964669763,0.0
2025-07-18,6.57,6.54,6.63,6.5,133992.0,87805728.0,-0.45662100456621557,-0.03000000000000025,1.9999999999999982,0.0
2025-07-21,6.55,6.61,6.62,6.53,108866.0,71768296.0,1.070336391437321,0.07000000000000028,1.3782542113323102,0.0
2025-07-22,6.63,6.55,6.65,6.48,113122.0,74003944.0,-0.9077155824508409,-0.0600000000000005,2.6234567901234556,0.0
2025-07-23,6.53,6.49,6.58,6.49,94014.0,61389816.0,-0.9160305343511421,-0.05999999999999961,1.3867488443759608,0.0
2025-07-24,6.49,6.56,6.6,6.48,92788.0,60898880.0,1.0785824345146189,0.0699999999999994,1.8518518518518396,0.0
2025-07-25,6.58,6.6,6.6,6.51,97662.0,64250880.0,0.6097560975609762,0.040000000000000036,1.3824884792626706,0.0
2025-07-28,6.64,6.61,6.66,6.59,96957.0,64288228.0,0.15151515151516914,0.010000000000000675,1.0622154779969695,0.0
2025-07-29,6.81,6.55,6.88,6.5,204753.0,135487216.0,-0.9077155824508409,-0.0600000000000005,5.846153846153845,0.0
2025-07-30,6.54,6.5,6.56,6.43,145101.0,94050672.0,-0.7633587786259555,-0.04999999999999982,2.02177293934681,0.0
2025-07-31,6.47,6.4,6.52,6.39,112898.0,72859592.0,-1.538461538461533,-0.09999999999999964,2.0344287949921736,0.0
2025-08-01,6.39,6.53,6.56,6.37,140023.0,91039768.0,2.0312499999999956,0.1299999999999999,2.9827315541601176,0.0
2025-08-04,6.5,6.62,6.62,6.44,118167.0,77535552.0,1.3782542113323082,0.08999999999999986,2.795031055900617,0.0
2025-08-05,6.62,6.7,6.7,6.6,119531.0,79705760.0,1.2084592145015227,0.08000000000000007,1.5151515151515234,0.0
2025-08-06,6.7,6.74,6.75,6.68,106139.0,71331888.0,0.5970149253731405,0.040000000000000036,1.0479041916167708,0.0
2025-08-07,6.74,6.79,6.88,6.69,151490.0,102853616.0,0.7418397626112627,0.04999999999999982,2.840059790732429,0.0
2025-08-08,6.78,6.83,6.85,6.71,114674.0,77762600.0,0.589101620029453,0.040000000000000036,2.086438152011918,0.0
2025-08-11,6.85,6.87,6.93,6.79,110220.0,75629832.0,0.5856515373352966,0.040000000000000036,2.061855670103088,0.0
2025-08-12,6.88,6.86,6.93,6.79,99339.0,67989616.0,-0.14556040756913413,-0.009999999999999787,2.061855670103088,0.0
2025-08-13,6.86,6.79,6.89,6.74,96087.0,65285796.0,-1.0204081632653073,-0.07000000000000028,2.22551928783382,0.0
2025-08-14,6.81,6.62,6.82,6.61,111693.0,75022600.0,-2.5036818851251863,-0.16999999999999993,3.1770045385779113,0.0
2025-08-15,6.64,6.65,6.75,6.62,121601.0,81175672.0,0.45317220543807935,0.03000000000000025,1.963746223564953,0.0
2025-08-18,6.68,6.74,6.76,6.66,134765.0,90580696.0,1.3533834586466176,0.08999999999999986,1.501501501501496,0.0
2025-08-19,6.73,6.87,6.9,6.66,158774.0,108162944.0,1.928783382789323,0.1299999999999999,3.603603603603607,0.0
2025-08-20,6.84,7.03,7.06,6.78,196291.0,136415120.0,2.328966521106257,0.16000000000000014,4.129793510324474,0.0
2025-08-21,7.04,6.94,7.05,6.91,146843.0,102377472.0,-1.2802275960170695,-0.08999999999999986,2.026049204052094,0.0
2025-08-22,6.93,6.9,6.98,6.83,121991.0,84110824.0,-0.5763688760806907,-0.040000000000000036,2.196193265007326,0.0
2025-08-25,6.91,6.82,6.95,6.78,132031.0,90134784.0,-1.1594202898550732,-0.08000000000000007,2.5073746312684353,0.0
2025-08-26,6.82,6.88,6.91,6.76,100519.0,69083976.0,0.8797653958944274,0.05999999999999961,2.218934911242609,0.0
2025-08-27,6.9,6.58,6.91,6.57,153102.0,103361384.0,-4.360465116279066,-0.2999999999999998,5.175038051750378,0.0
2025-08-28,6.74,6.58,6.87,6.28,250145.0,164535344.0,0.0,0.0,9.394904458598724,0.0
2025-08-29,6.57,6.47,6.57,6.44,118763.0,77248040.0,-1.6717325227963542,-0.11000000000000032,2.018633540372669,0.0
2025-09-01,6.48,6.61,6.66,6.44,113863.0,74823392.0,2.163833075734156,0.14000000000000057,3.4161490683229774,0.0
2025-09-02,6.59,6.52,6.62,6.37,135642.0,87911696.0,-1.3615733736762614,-0.09000000000000075,3.924646781789639,0.0
2025-09-03,6.52,6.33,6.57,6.3,101909.0,65483180.0,-2.914110429447847,-0.1899999999999995,4.285714285714294,0.0
2025-09-04,6.33,6.44,6.56,6.31,136633.0,88371904.0,1.7377567140600458,0.11000000000000032,3.961965134706815,0.0
2025-09-05,6.53,6.56,6.56,6.33,96506.0,62577260.0,1.8633540372670732,0.11999999999999922,3.6334913112164227,0.0
2025-09-08,6.55,6.69,6.69,6.55,108035.0,71633864.0,1.9817073170731891,0.13000000000000078,2.1374045801526806,0.0
2025-09-09,6.7,6.65,6.7,6.58,82118.0,54551828.0,-0.5979073243647215,-0.040000000000000036,1.8237082066869317,0.0
2025-09-10,6.66,6.7,6.74,6.61,76037.0,50912084.0,0.7518796992481258,0.04999999999999982,1.9667170953101345,0.0
2025-09-11,6.72,6.72,6.74,6.55,83053.0,55177844.0,0.29850746268655914,0.019999999999999574,2.900763358778632,0.0
2025-09-12,6.72,6.61,6.73,6.59,65819.0,43751092.0,-1.636904761904756,-0.10999999999999943,2.124430955993939,0.0
2025-09-15,6.59,6.58,6.64,6.55,74137.0,48831852.0,-0.45385779122542047,-0.03000000000000025,1.3740458015267154,0.0
2025-09-16,6.56,6.71,6.73,6.55,101682.0,67678352.0,1.9756838905774954,0.1299999999999999,2.7480916030534446,0.0
2025-09-17,6.75,6.69,6.78,6.67,80351.0,54014868.0,-0.29806259314455463,-0.019999999999999574,1.649175412293858,0.0
2025-09-18,6.7,6.53,6.74,6.47,110783.0,73428344.0,-2.391629297458897,-0.16000000000000014,4.17310664605874,0.0
2025-09-19,6.54,6.39,6.56,6.34,96342.0,61763088.0,-2.14395099540583,-0.14000000000000057,3.4700315457413216,0.0
2025-09-22,6.36,6.34,6.43,6.24,103873.0,65396012.0,-0.7824726134585291,-0.04999999999999982,3.0448717948717867,0.0
2025-09-23,6.29,6.21,6.3,6.0,119717.0,73296512.0,-2.050473186119872,-0.1299999999999999,4.9999999999999964,0.0
2025-09-24,6.22,6.34,6.36,6.1,89721.0,56509676.0,2.093397745571668,0.1299999999999999,4.262295081967225,0.0
2025-09-25,6.34,6.31,6.46,6.29,89514.0,57109888.0,-0.4731861198738252,-0.03000000000000025,2.7027027027027013,0.0
2025-09-26,6.26,6.31,6.38,6.2,70380.0,44445512.0,0.0,0.0,2.903225806451608,0.0
2025-09-29,6.32,6.43,6.47,6.16,95464.0,60817128.0,1.9017432646592836,0.1200000000000001,5.032467532467526,0.0
2025-09-30,6.44,6.43,6.5,6.4,53816.0,34690268.0,0.0,0.0,1.5624999999999944,0.0
2025-10-09,6.47,6.41,6.47,6.36,68252.0,43715480.0,-0.3110419906687367,-0.019999999999999574,1.729559748427664,0.0
2025-10-10,6.39,6.43,6.5,6.32,74044.0,47658248.0,0.31201248049921304,0.019999999999999574,2.84810126582278,0.0
2025-10-13,6.2,6.43,6.45,6.06,98278.0,62234204.0,0.0,0.0,6.435643564356446,0.0
2025-10-14,6.44,6.39,6.49,6.34,72581.0,46561396.0,-0.6220839813374845,-0.040000000000000036,2.365930599369091,0.0
2025-10-15,6.4,6.48,6.5,6.37,60288.0,38906460.0,1.4084507042253724,0.09000000000000075,2.0408163265306105,0.0
2025-10-16,6.47,6.36,6.51,6.32,62245.0,39818664.0,-1.851851851851849,-0.1200000000000001,3.0063291139240427,0.0
2025-10-17,6.36,6.28,6.44,6.28,55360.0,35189100.0,-1.2578616352201255,-0.08000000000000007,2.5477707006369448,0.0
2025-10-20,6.33,6.47,6.48,6.32,60407.0,38806812.0,3.025477707006363,0.1899999999999995,2.531645569620255,0.0
2025-10-21,6.47,6.59,6.59,6.42,83756.0,54769436.0,1.8547140649149974,0.1200000000000001,2.6479750778816187,0.0
2025-10-22,6.59,6.67,6.7,6.54,71199.0,47392444.0,1.2139605462822445,0.08000000000000007,2.4464831804281366,0.0
2025-10-23,6.64,6.69,6.7,6.58,65677.0,43624312.0,0.2998500749625155,0.020000000000000462,1.8237082066869317,0.0
2025-10-24,6.7,6.66,6.78,6.64,84540.0,56654908.0,-0.4484304932735439,-0.03000000000000025,2.1084337349397675,0.0
2025-10-27,6.78,6.77,6.86,6.61,128942.0,86831480.0,1.6516516516516422,0.10999999999999943,3.7821482602118,0.0
2025-10-28,6.72,6.93,7.05,6.69,208641.0,144418608.0,2.363367799113747,0.16000000000000014,5.381165919282503,0.0
2025-10-29,6.91,6.77,6.92,6.56,135872.0,91764424.0,-2.3088023088023157,-0.16000000000000014,5.487804878048785,0.0
2025-10-30,6.8,6.68,6.8,6.65,92381.0,61891232.0,-1.3293943870014702,-0.08999999999999986,2.255639097744353,0.0
2025-10-31,6.68,6.8,6.85,6.67,89780.0,60938424.0,1.7964071856287456,0.1200000000000001,2.698650674662664,0.0
2025-11-03,6.81,6.94,6.96,6.77,106854.0,73939464.0,2.0588235294117796,0.14000000000000057,2.8064992614475686,0.0
2025-11-04,6.94,7.19,7.36,6.9,280907.0,201033648.0,3.6023054755043304,0.25,6.666666666666665,0.0
2025-11-05,7.16,7.25,7.38,7.09,264302.0,191465520.0,0.8344923504867818,0.05999999999999961,4.090267983074754,0.0
2025-11-06,7.29,7.12,7.33,7.07,159960.0,114130160.0,-1.7931034482758568,-0.1299999999999999,3.677510608203674,0.0
2025-11-07,7.14,7.1,7.25,7.07,122904.0,87899792.0,-0.2808988764045006,-0.020000000000000462,2.545968882602542,0.0
2025-11-10,7.11,7.24,7.3,7.04,130355.0,93912112.0,1.9718309859154903,0.14000000000000057,3.693181818181815,0.0
2025-11-11,7.23,7.31,7.4,7.15,129052.0,94159920.0,0.966850828729271,0.0699999999999994,3.4965034965034962,0.0
2025-11-12,7.32,7.25,7.38,7.18,96510.0,70072648.0,-0.8207934336525224,-0.05999999999999961,2.7855153203342646,0.0
2025-11-13,7.3,7.37,7.38,7.19,126121.0,91953744.0,1.6551724137931156,0.1200000000000001,2.6425591098748193,0.0
2025-11-14,7.31,7.69,8.1,7.31,396858.0,304870304.0,4.341926729986434,0.3200000000000003,10.807113543091656,0.0
2025-11-17,7.63,8.02,8.05,7.55,444232.0,347900800.0,4.291287386215847,0.3299999999999992,6.622516556291402,0.0
2025-11-18,7.96,7.58,7.99,7.53,347800.0,265605744.0,-5.486284289276799,-0.4399999999999995,6.108897742363877,0.0
2025-11-19,7.68,7.4,7.72,7.36,204898.0,152547920.0,-2.37467018469657,-0.17999999999999972,4.891304347826079,0.0
2025-11-20,7.47,7.32,7.47,7.18,155536.0,113745992.0,-1.0810810810810811,-0.08000000000000007,4.038997214484681,0.0
2025-11-21,7.24,7.04,7.53,6.97,209417.0,150325696.0,-3.825136612021862,-0.28000000000000025,8.034433285509333,0.0
2025-11-24,7.19,7.11,7.2,6.97,143619.0,101778480.0,0.9943181818181879,0.07000000000000028,3.2998565279770506,0.0
2025-11-25,7.15,7.55,7.56,7.15,203656.0,150983840.0,6.1884669479606025,0.4399999999999995,5.7342657342657235,0.0
2025-11-26,7.54,7.36,7.62,7.2,182200.0,135250848.0,-2.516556291390726,-0.1899999999999995,5.833333333333332,0.0
2025-11-27,7.36,7.59,7.85,7.25,308735.0,234708336.0,3.125,0.22999999999999954,8.275862068965512,0.0
2025-11-28,7.52,7.7,7.72,7.41,249637.0,189569888.0,1.449275362318847,0.11000000000000032,4.1835357624831255,0.0
2025-12-01,7.76,7.86,8.14,7.66,387917.0,307327904.0,2.0779220779220786,0.16000000000000014,6.2663185378590125,0.0
2025-12-02,7.85,7.92,8.09,7.66,294192.0,231614976.0,0.7633587786259444,0.05999999999999961,5.61357702349869,0.0
2025-12-03,7.93,7.92,8.28,7.77,306074.0,243162640.0,0.0,0.0,6.563706563706562,0.0
2025-12-04,7.87,7.7,7.94,7.67,200023.0,155306144.0,-2.777777777777779,-0.21999999999999975,3.520208604954374,0.0
2025-12-05,7.45,7.73,7.8,7.3,279141.0,211493504.0,0.3896103896103842,0.03000000000000025,6.8493150684931505,0.0
2025-12-08,8.01,8.05,8.22,7.81,302695.0,243064352.0,4.139715394566634,0.3200000000000003,5.249679897567235,0.0
2025-12-09,8.35,8.91,9.66,7.96,1022139.0,911189440.0,10.683229813664585,0.8599999999999994,21.356783919597994,0.0
2025-12-10,9.7,9.79,10.69,9.65,1275391.0,1313915264.0,9.876543209876543,0.879999999999999,10.77720207253885,0.0
2025-12-11,8.97,8.48,9.2,8.3,1139154.0,981174272.0,-13.381001021450444,-1.3099999999999987,10.843373493975886,0.0
2025-12-12,8.08,7.78,8.23,7.78,755731.0,603972608.0,-8.254716981132082,-0.7000000000000002,5.7840616966581,0.0
2025-12-15,7.75,7.98,8.07,7.46,598944.0,464745216.0,2.570694087403602,0.20000000000000018,8.176943699731908,0.0
2025-12-16,7.8,7.26,7.85,7.2,477212.0,357749760.0,-9.022556390977455,-0.7200000000000006,9.027777777777771,0.0
2025-12-17,7.3,7.38,7.48,7.21,367966.0,270493856.0,1.6528925619834656,0.1200000000000001,3.744798890429965,0.0
2025-12-18,7.67,8.86,8.86,7.67,865494.0,728482816.0,20.054200542005418,1.4799999999999995,15.514993481095168,0.0
2025-12-19,8.96,9.51,10.29,8.77,1269925.0,1180388736.0,7.3363431151241665,0.6500000000000004,17.331812998859743,0.0
2025-12-22,9.44,9.02,9.55,8.86,864391.0,786839296.0,-5.152471083070454,-0.4900000000000002,7.787810383747193,0.0
2025-12-23,9.44,9.05,9.45,8.67,783717.0,707774976.0,0.3325942350332678,0.030000000000001137,8.996539792387535,0.0
2025-12-24,8.61,8.99,9.43,8.56,722763.0,649311424.0,-0.6629834254143652,-0.0600000000000005,10.16355140186915,0.0
2025-12-25,9.18,8.65,9.28,8.62,600151.0,529002304.0,-3.7819799777530583,-0.33999999999999986,7.656612529002323,0.0
2025-12-26,8.64,8.9,9.07,8.4,634045.0,554754752.0,2.8901734104046284,0.25,7.976190476190475,0.0
2025-12-29,8.68,8.21,8.77,8.07,519272.0,428846496.0,-7.752808988764038,-0.6899999999999995,8.674101610904577,0.0
2025-12-30,8.14,7.97,8.17,7.83,381341.0,304300736.0,-2.923264311814877,-0.2400000000000011,4.342273307790547,0.0
2025-12-31,8.04,7.74,8.05,7.73,266519.0,208416608.0,-2.885821831869506,-0.22999999999999954,4.139715394566626,0.0
2026-01-05,7.76,7.99,8.04,7.75,291505.0,230533520.0,3.2299741602067167,0.25,3.741935483870957,0.0
2026-01-06,7.94,7.8,7.95,7.71,340752.0,265926880.0,-2.377972465581979,-0.1900000000000004,3.1128404669260727,0.0
2026-01-07,7.78,7.88,8.05,7.7,389801.0,306567776.0,1.025641025641022,0.08000000000000007,4.545454545454552,0.0
2026-01-08,8.0,8.02,8.28,7.97,364235.0,294300512.0,1.7766497461928932,0.13999999999999968,3.889585947302379,0.0
2026-01-09,7.93,8.34,8.37,7.93,479590.0,392473472.0,3.990024937655856,0.3200000000000003,5.548549810844887,0.0
2026-01-12,8.38,8.67,8.73,8.18,459537.0,388687680.0,3.9568345323740983,0.33000000000000007,6.723716381418102,0.0
2026-01-13,8.56,8.24,8.66,8.17,354011.0,296076096.0,-4.959630911188007,-0.4299999999999997,5.997552019583846,0.0
2026-01-14,8.22,8.44,8.59,8.19,343352.0,288216768.0,2.4271844660194164,0.1999999999999993,4.884004884004889,0.0
2026-01-15,8.39,8.03,8.41,7.95,255522.0,207029184.0,-4.857819905213267,-0.41000000000000014,5.786163522012578,0.0
2026-01-16,8.05,7.98,8.23,7.91,170371.0,136396800.0,-0.6226650062266414,-0.049999999999998934,4.045512010113784,0.0
2026-01-19,7.95,8.1,8.14,7.85,142707.0,114839296.0,1.5037593984962294,0.11999999999999922,3.6942675159235785,0.0
2026-01-20,8.15,7.98,8.16,7.9,145710.0,116498376.0,-1.4814814814814725,-0.11999999999999922,3.2911392405063267,0.0
2026-01-21,7.98,8.09,8.09,7.81,156956.0,125594616.0,1.3784461152882121,0.10999999999999943,3.5851472471190817,0.0
2026-01-22,8.12,8.18,8.18,7.99,143972.0,116917776.0,1.1124845488257096,0.08999999999999986,2.3779724655819714,0.0
2026-01-23,8.24,8.31,8.31,8.12,149128.0,122998824.0,1.5892420537897411,0.13000000000000078,2.339901477832528,0.0
2026-01-26,8.39,8.11,8.4,7.96,192808.0,156492224.0,-2.4067388688327473,-0.20000000000000107,5.527638190954779,0.0
2026-01-27,8.07,7.96,8.12,7.74,140312.0,110804544.0,-1.8495684340320562,-0.14999999999999947,4.909560723514199,0.0
2026-01-28,7.91,7.77,7.99,7.76,132909.0,104069264.0,-2.386934673366836,-0.1900000000000004,2.9639175257732013,0.0
2026-01-29,7.8,7.7,7.94,7.6,144393.0,112700464.0,-0.9009009009008917,-0.0699999999999994,4.473684210526326,0.0
2026-01-30,7.66,7.79,7.84,7.63,157902.0,122563736.0,1.1688311688311748,0.08999999999999986,2.752293577981651,0.0
2026-02-02,7.75,7.78,7.99,7.7,140366.0,110650808.0,-0.12836970474967568,-0.009999999999999787,3.766233766233767,0.0
2026-02-03,7.79,7.86,7.9,7.78,91933.0,72110256.0,1.0282776349614497,0.08000000000000007,1.5424164524421609,0.0
2026-02-04,7.86,7.88,8.0,7.8,116872.0,92345232.0,0.2544529262086481,0.019999999999999574,2.5641025641025665,0.0
2026-02-05,7.84,8.06,8.28,7.79,251044.0,203676480.0,2.2842639593908753,0.1800000000000006,6.290115532734266,0.0
2026-02-06,8.05,7.98,8.11,7.88,190353.0,152396672.0,-0.992555831265507,-0.08000000000000007,2.918781725888319,0.0
2026-02-09,8.13,8.12,8.13,8.04,138615.0,112069560.0,1.754385964912264,0.1399999999999988,1.1194029850746472,0.0
2026-02-10,8.19,8.28,8.4,8.13,242554.0,200606192.0,1.9704433497536922,0.16000000000000014,3.321033210332098,0.0
2026-02-11,8.19,7.99,8.24,7.96,204889.0,165462592.0,-3.5024154589371914,-0.28999999999999915,3.5175879396984957,0.0
2026-02-12,7.99,7.83,8.03,7.82,137225.0,108292424.0,-2.0025031289111372,-0.16000000000000014,2.6854219948848983,0.0
2026-02-13,7.83,7.81,7.94,7.81,91915.0,72387456.0,-0.25542784163474774,-0.020000000000000462,1.6645326504481535,0.0
2026-02-24,7.84,7.9,7.94,7.81,89596.0,70679744.0,1.1523687580025754,0.09000000000000075,1.6645326504481535,0.0
2026-02-25,7.89,8.03,8.11,7.88,126599.0,101643384.0,1.6455696202531511,0.129999999999999,2.918781725888319,0.0
2026-02-26,8.04,7.83,8.08,7.8,127270.0,100128656.0,-2.490660024906588,-0.1999999999999993,3.589743589743593,0.0
2026-02-27,7.79,7.83,7.85,7.75,88111.0,68714320.0,0.0,0.0,1.2903225806451568,0.0
2026-03-02,7.76,7.46,7.78,7.36,163131.0,122606480.0,-4.725415070242656,-0.3700000000000001,5.706521739130434,0.0
2026-03-03,7.49,7.23,7.56,7.21,143283.0,105407424.0,-3.0831099195710365,-0.22999999999999954,4.85436893203883,0.0
2026-03-04,7.15,7.2,7.34,7.1,113883.0,82109360.0,-0.4149377593360981,-0.03000000000000025,3.380281690140848,0.0
2026-03-05,7.32,7.29,7.45,7.26,90859.0,66866476.0,1.2499999999999956,0.08999999999999986,2.6170798898071683,0.0
2026-03-06,7.3,7.47,7.49,7.19,80428.0,59656360.0,2.4691358024691246,0.17999999999999972,4.172461752433933,0.0
2026-03-09,7.4,7.46,7.53,7.26,97305.0,71997952.0,-0.1338688085676054,-0.009999999999999787,3.719008264462816,0.0
2026-03-10,7.51,7.71,7.72,7.5,79531.0,60776816.0,3.351206434316345,0.25,2.93333333333333,0.0
2026-03-11,7.73,7.58,7.77,7.55,67040.0,51214664.0,-1.6861219195849486,-0.1299999999999999,2.9139072847682086,0.0
2026-03-12,7.66,7.44,7.66,7.41,65119.0,48785704.0,-1.846965699208436,-0.13999999999999968,3.3738191632928474,0.0
2026-03-13,7.42,7.37,7.55,7.32,82452.0,61233808.0,-0.9408602150537626,-0.07000000000000028,3.1420765027322344,0.0
2026-03-16,7.34,7.54,7.62,7.33,104188.0,78400672.0,2.3066485753052923,0.16999999999999993,3.956343792633015,0.0
2026-03-17,7.58,7.48,7.67,7.46,92125.0,69648264.0,-0.7957559681697535,-0.05999999999999961,2.815013404825737,0.0
2026-03-18,7.53,7.6,7.61,7.44,76361.0,57400552.0,1.6042780748662944,0.11999999999999922,2.2849462365591386,0.0
2026-03-19,7.53,7.41,7.58,7.37,64644.0,48205768.0,-2.499999999999991,-0.1899999999999995,2.849389416553595,0.0
2026-03-20,7.41,7.16,7.47,7.14,88514.0,64596908.0,-3.373819163292846,-0.25,4.6218487394958,0.0
2026-03-23,7.0,6.59,7.05,6.45,147565.0,100284104.0,-7.9608938547486074,-0.5700000000000003,9.302325581395344,0.0
2026-03-24,6.79,7.22,7.23,6.64,184504.0,128486200.0,9.559939301972676,0.6299999999999999,8.88554216867471,0.0
2026-03-25,7.24,7.28,7.36,7.19,114516.0,83266528.0,0.8310249307479367,0.0600000000000005,2.364394993045896,0.0
2026-03-26,7.24,7.13,7.37,7.03,83085.0,59540936.0,-2.060439560439564,-0.15000000000000036,4.836415362731151,0.0
2026-03-27,7.08,7.28,7.33,7.01,73036.0,52820432.0,2.103786816269282,0.15000000000000036,4.564907275320975,0.0
2026-03-30,7.18,7.35,7.4,7.12,72194.0,52567068.0,0.9615384615384581,0.0699999999999994,3.9325842696629247,0.0
2026-03-31,7.39,7.2,7.46,7.16,112709.0,82533104.0,-2.0408163265306034,-0.14999999999999947,4.1899441340782095,0.0
2026-04-01,7.31,7.26,7.37,7.17,74077.0,53654356.0,0.8333333333333304,0.05999999999999961,2.7894002789400303,0.0
2026-04-02,7.27,7.04,7.3,6.97,77385.0,54924080.0,-3.0303030303030276,-0.21999999999999975,4.734576757532282,0.0
2026-04-03,7.08,6.73,7.14,6.68,83330.0,56600744.0,-4.403409090909083,-0.3099999999999996,6.88622754491018,0.0
2026-04-07,6.78,7.02,7.08,6.71,101725.0,70936632.0,4.309063893016329,0.28999999999999915,5.514157973174369,0.0
2026-04-08,7.18,7.25,7.3,7.15,94857.0,68718616.0,3.276353276353272,0.23000000000000043,2.0979020979020904,0.0
2026-04-09,7.2,7.03,7.25,7.0,84719.0,60052476.0,-3.0344827586206824,-0.21999999999999975,3.571428571428571,0.0
2026-04-10,7.1,7.11,7.24,7.05,72589.0,52001416.0,1.1379800853485111,0.08000000000000007,2.6950354609929135,0.0
2026-04-13,7.28,6.96,7.3,6.91,114238.0,80191168.0,-2.1097046413502185,-0.15000000000000036,5.643994211287984,0.0
2026-04-14,7.0,6.91,7.09,6.81,83809.0,57904564.0,-0.7183908045977017,-0.04999999999999982,4.111600587371517,0.0
2026-04-15,7.0,6.83,7.02,6.79,72176.0,49490060.0,-1.157742402315487,-0.08000000000000007,3.38733431516936,0.0
2026-04-16,6.84,7.06,7.12,6.78,89893.0,62531456.0,3.367496339677878,0.22999999999999954,5.014749262536871,0.0
2026-04-17,7.06,6.97,7.1,6.9,70645.0,49181200.0,-1.2747875354107596,-0.08999999999999986,2.898550724637671,0.0
2026-04-20,6.97,7.11,7.12,6.92,65749.0,46106976.0,2.0086083213773476,0.14000000000000057,2.890173410404627,0.0
2026-04-21,7.08,7.11,7.35,7.01,140317.0,100351784.0,0.0,0.0,4.850213980028529,0.0
2026-04-22,7.07,6.93,7.11,6.9,91471.0,63659400.0,-2.5316455696202667,-0.1800000000000006,3.0434782608695645,0.0
2026-04-23,6.93,6.81,6.93,6.79,68256.0,46755536.0,-1.7316017316017285,-0.1200000000000001,2.061855670103088,0.0
2026-04-24,6.78,6.96,7.01,6.71,81041.0,55743356.0,2.2026431718061623,0.15000000000000036,4.470938897168403,0.0
2026-04-27,6.93,7.14,7.15,6.74,118004.0,82117216.0,2.5862068965517127,0.17999999999999972,6.0830860534124644,0.0
2026-04-28,7.09,7.09,7.2,7.02,91351.0,64928424.0,-0.7002801120448154,-0.04999999999999982,2.564102564102573,0.0
2026-04-29,7.14,7.23,7.4,7.05,122861.0,89390368.0,1.9746121297602448,0.14000000000000057,4.964539007092206,0.0
2026-04-30,7.28,7.4,7.43,7.2,88635.0,65282480.0,2.3513139695712226,0.16999999999999993,3.194444444444438,0.0
2026-05-06,7.5,7.82,8.06,7.42,331079.0,256684000.0,5.675675675675684,0.41999999999999993,8.625336927223728,0.0
2026-05-07,7.85,7.82,7.94,7.69,183193.0,142726208.0,0.0,0.0,3.2509752925877757,0.0
2026-05-08,7.78,7.8,7.91,7.73,120313.0,93707040.0,-0.2557544757033292,-0.020000000000000462,2.328589909443722,0.0
2026-05-11,7.8,7.99,8.06,7.75,222232.0,176361520.0,2.4358974358974494,0.1900000000000004,4.000000000000006,0.0
2026-05-12,7.99,8.25,8.3,7.95,264847.0,215609184.0,3.254067584480591,0.2599999999999998,4.402515723270447,0.0
2026-05-13,8.21,7.95,8.27,7.93,181947.0,146622928.0,-3.6363636363636376,-0.2999999999999998,4.287515762925597,0.0
2026-05-14,7.99,7.81,8.0,7.76,138688.0,109080712.0,-1.7610062893081868,-0.14000000000000057,3.092783505154642,0.0
2026-05-15,7.88,7.72,7.9,7.66,105702.0,81889120.0,-1.1523687580025643,-0.08999999999999986,3.1331592689295062,0.0
2026-05-18,7.73,7.94,8.06,7.6,157600.0,123902536.0,2.849740932642497,0.22000000000000064,6.05263157894738,0.0
2026-05-19,8.04,8.0,8.29,7.82,119330.0,95382624.0,0.7556675062972307,0.05999999999999961,6.0102301790281185,0.0
2026-05-20,8.0,7.77,8.0,7.74,107337.0,83966112.0,-2.8750000000000053,-0.23000000000000043,3.3591731266149845,0.0
2026-05-21,7.77,7.36,7.89,7.31,121429.0,92559608.0,-5.276705276705263,-0.40999999999999925,7.934336525307799,0.0
2026-05-22,7.44,7.33,7.46,7.18,126320.0,92200400.0,-0.40760869565217295,-0.03000000000000025,3.8997214484679703,0.0
2026-05-25,7.35,7.22,7.54,7.11,142440.0,103629248.0,-1.5006821282401162,-0.11000000000000032,6.0478199718706005,0.0
2026-05-26,7.26,7.12,7.26,7.02,124808.0,88937040.0,-1.3850415512465353,-0.09999999999999964,3.4188034188034218,0.0
2026-05-27,7.15,6.99,7.26,6.89,108313.0,76629848.0,-1.8258426966292096,-0.1299999999999999,5.370101596516692,0.0
2026-05-28,6.95,6.9,7.02,6.74,100890.0,69611472.0,-1.2875536480686622,-0.08999999999999986,4.154302670623135,0.0
2026-05-29,6.94,6.59,6.98,6.47,124742.0,83441992.0,-4.492753623188417,-0.3100000000000005,7.882534775888727,0.0
2026-06-01,6.62,6.83,6.96,6.53,118604.0,81165272.0,3.6418816388467334,0.2400000000000002,6.584992343032154,0.0
2026-06-02,6.92,6.53,6.95,6.45,158031.0,103880808.0,-4.392386530014636,-0.2999999999999998,7.751937984496124,0.0
2026-06-03,6.53,6.37,6.6,6.31,98144.0,63021332.0,-2.450229709035223,-0.16000000000000014,4.595879556259906,0.0
2026-06-04,6.33,6.41,6.61,6.21,139463.0,88938608.0,0.6279434850863463,0.040000000000000036,6.441223832528187,0.0
2026-06-05,6.48,6.55,6.69,6.23,135068.0,87707584.0,2.1840873634945357,0.13999999999999968,7.383627608346709,0.0
2026-06-08,6.4,6.28,6.61,6.11,110135.0,70130888.0,-4.122137404580151,-0.2699999999999996,8.183306055646481,0.0
2026-06-09,6.3,6.18,6.37,6.17,92356.0,57807904.0,-1.5923566878981,-0.10000000000000053,3.2414910858995163,0.0
2026-06-10,6.1,6.08,6.18,5.92,89820.0,54450504.0,-1.6181229773462702,-0.09999999999999964,4.3918918918918886,0.0
2026-06-11,6.03,5.96,6.1,5.84,75847.0,45132052.0,-1.9736842105263164,-0.1200000000000001,4.452054794520544,0.0
2026-06-12,6.03,6.0,6.08,5.83,100180.0,60105528.0,0.6711409395973256,0.040000000000000036,4.288164665523156,0.0
2026-06-15,6.02,5.9,6.18,5.85,92334.0,55339404.0,-1.6666666666666607,-0.09999999999999964,5.641025641025642,0.0
2026-06-16,5.9,5.97,6.07,5.75,95528.0,56301892.0,1.186440677966094,0.0699999999999994,5.565217391304353,0.0
2026-06-17,5.95,5.79,5.96,5.75,81879.0,47601688.0,-3.015075376884413,-0.17999999999999972,3.652173913043478,0.0
2026-06-18,5.77,5.71,5.82,5.66,73466.0,42093496.0,-1.3816925734024155,-0.08000000000000007,2.826855123674914,0.0
2026-06-22,5.68,5.78,5.81,5.4,103380.0,58047480.0,1.2259194395796813,0.07000000000000028,7.592592592592578,0.0
2026-06-23,5.75,5.88,6.01,5.7,93185.0,55078728.0,1.730103806228378,0.09999999999999964,5.438596491228063,0.0
2026-06-24,5.94,5.58,5.94,5.54,103972.0,58967792.0,-5.102040816326525,-0.2999999999999998,7.220216606498202,0.0
2026-06-25,5.56,5.42,5.63,5.39,88251.0,48212328.0,-2.8673835125448077,-0.16000000000000014,4.452690166975885,0.0
2026-06-26,5.42,5.3,5.42,5.21,94160.0,50051780.0,-2.2140221402214055,-0.1200000000000001,4.030710172744721,0.0
2026-06-29,5.29,5.73,5.78,5.01,249868.0,137045728.0,8.113207547169822,0.4300000000000006,15.369261477045917,0.0
2026-06-30,5.66,5.63,6.18,5.5,263018.0,150816576.0,-1.7452006980802848,-0.10000000000000053,12.363636363636358,0.0
2026-07-01,5.68,5.76,5.87,5.54,139890.0,79842920.0,2.3090586145648295,0.1299999999999999,5.956678700361012,0.0
2026-07-02,5.8,5.74,5.89,5.69,109798.0,63548756.0,-0.3472222222222099,-0.019999999999999574,3.514938488576437,0.0
2026-07-03,5.79,5.94,5.98,5.61,146698.0,85247208.0,3.4843205574912828,0.20000000000000018,6.595365418894832,0.0
2026-07-06,5.94,5.96,6.06,5.81,105435.0,62691320.0,0.33670033670032407,0.019999999999999574,4.302925989672978,0.0
2026-07-07,5.94,5.72,5.94,5.63,101485.0,58272556.0,-4.026845637583898,-0.2400000000000002,5.506216696269991,0.0
2026-07-08,5.75,5.7,5.82,5.57,77701.0,44371768.0,-0.34965034965034336,-0.019999999999999574,4.488330341113106,0.0
2026-07-09,5.7,5.82,5.85,5.52,94079.0,53383560.0,2.1052631578947434,0.1200000000000001,5.978260869565219,0.0
2026-07-10,5.82,6.22,6.39,5.65,206169.0,126325680.0,6.872852233676974,0.39999999999999947,13.09734513274335,0.0
2026-07-13,6.23,6.35,6.62,6.01,398057.0,253221184.0,2.0900321543408262,0.1299999999999999,10.149750415973385,0.0
2026-07-14,6.34,6.28,6.36,6.04,234794.0,145009056.0,-1.1023622047244053,-0.0699999999999994,5.298013245033117,0.0
2026-07-15,6.24,6.14,6.35,6.08,143764.0,89171016.0,-2.2292993630573354,-0.14000000000000057,4.4407894736842035,0.0
2026-07-16,6.15,6.08,6.29,6.01,144953.0,89039952.0,-0.9771986970683932,-0.05999999999999961,4.658901830282866,0.0
2026-07-17,6.02,5.91,6.14,5.8,138008.0,82416272.0,-2.796052631578949,-0.16999999999999993,5.862068965517239,0.0
2026-07-20,5.94,5.39,6.03,5.27,200603.0,113127360.0,-8.79864636209815,-0.5200000000000005,14.421252371916523,0.0
2026-07-21,5.49,5.73,6.06,5.17,361682.0,204305456.0,6.307977736549186,0.34000000000000075,17.21470019342359,0.0
2026-07-22,5.67,5.58,5.82,5.49,168208.0,94582392.0,-2.617801047120427,-0.15000000000000036,6.010928961748635,0.0
2026-07-23,5.51,5.98,6.03,5.47,222646.0,128852760.0,7.168458781362008,0.40000000000000036,10.237659963436938,0.0
2026-07-24,5.93,5.69,5.93,5.58,175270.0,100420144.0,-4.8494983277591945,-0.29000000000000004,6.27240143369175,0.0
2026-07-27,5.67,5.8,5.85,5.65,113314.0,65357980.0,1.9332161687170446,0.10999999999999943,3.539823008849545,0.0
2026-07-28,5.73,5.86,5.96,5.73,101319.0,59453752.0,1.0344827586207028,0.0600000000000005,4.013961605584634,0.0
2026-07-29,5.86,5.9,6.06,5.78,133394.0,78890440.0,0.6825938566553003,0.040000000000000036,4.844290657439435,0.0
2026-07-30,5.91,5.76,6.01,5.7,132965.0,77992048.0,-2.3728813559322104,-0.14000000000000057,5.438596491228063,0.0
2026-07-31,5.82,6.31,6.34,5.8,205123.0,125677400.0,9.548611111111116,0.5499999999999998,9.310344827586208,0.0
2026-08-03,6.39,6.53,6.62,6.15,158024.0,101402488.0,3.4865293185420088,0.22000000000000064,7.642276422764223,0.0
