日期,开盘,收盘,最高,最低,成交量,成交额,涨跌幅,涨跌额,振幅,换手率
2023-07-04,65.01,90.01,101.3,64.0,173906.0,1279737344.0,,,58.28124999999999,0.0
2023-07-05,82.0,79.61,87.99,79.06,146929.0,1209877248.0,-11.554271747583611,-10.400000000000006,11.295218821148485,0.0
2023-07-06,79.0,94.68,96.35,79.0,146023.0,1266356480.0,18.929782690616758,15.070000000000007,21.962025316455687,0.0
2023-07-07,94.0,89.9,108.88,89.0,142572.0,1402681088.0,-5.048584706379389,-4.780000000000001,22.33707865168539,0.0
2023-07-10,93.0,113.0,113.0,93.0,138729.0,1405131520.0,25.695216907675178,23.099999999999994,21.50537634408602,0.0
2023-07-11,109.65,111.36,113.88,101.66,120300.0,1292407424.0,-1.4513274336283244,-1.6400000000000006,12.020460358056265,0.0
2023-07-12,108.0,100.99,110.0,97.7,119757.0,1247813504.0,-9.312140804597702,-10.370000000000005,12.589559877175022,0.0
2023-07-13,99.5,98.3,103.3,93.52,94701.0,926804224.0,-2.663630062382416,-2.6899999999999977,10.457656116338752,0.0
2023-07-14,98.18,92.72,101.46,92.0,94600.0,915866112.0,-5.676500508646997,-5.579999999999998,10.282608695652167,0.0
2023-07-17,90.15,89.14,93.25,88.15,69525.0,627535616.0,-3.8610871440897254,-3.5799999999999983,5.78559273964832,0.0
2023-07-18,89.69,90.72,91.73,84.83,77495.0,690108096.0,1.7724927080996267,1.5799999999999983,8.133914888600739,0.0
2023-07-19,90.47,87.49,90.47,85.72,61503.0,540644864.0,-3.560405643738984,-3.230000000000004,5.541297246850211,0.0
2023-07-20,89.04,85.4,91.7,85.16,57861.0,512927520.0,-2.3888444393644903,-2.089999999999989,7.6796618130577805,0.0
2023-07-21,85.02,86.07,88.27,83.11,53126.0,456447744.0,0.7845433255269096,0.6699999999999875,6.208639152929848,0.0
2023-07-24,84.96,87.07,88.6,82.0,51907.0,446029504.0,1.1618450098756838,1.0,8.048780487804871,0.0
2023-07-25,90.0,89.3,92.89,87.1,76552.0,689581120.0,2.5611576892155874,2.230000000000004,6.647531572904715,0.0
2023-07-26,86.89,86.44,92.34,86.01,61409.0,547071936.0,-3.2026875699888047,-2.8599999999999994,7.3596093477502595,0.0
2023-07-27,98.0,90.45,99.96,90.0,96612.0,918378624.0,4.6390559925960195,4.010000000000005,11.06666666666666,0.0
2023-07-28,90.45,93.26,97.73,86.88,89116.0,818943040.0,3.1066887783305797,2.8100000000000023,12.488489871086566,0.0
2023-07-31,94.0,98.0,107.2,94.0,92103.0,924320448.0,5.082564872399731,4.739999999999995,14.042553191489365,0.0
2023-08-01,92.99,90.06,97.36,90.06,69843.0,653049280.0,-8.102040816326529,-7.939999999999998,8.105707306240282,0.0
2023-08-02,87.1,87.3,88.28,82.15,74769.0,638990592.0,-3.0646235842771596,-2.760000000000005,7.461959829580031,0.0
2023-08-03,84.25,82.82,86.18,82.45,48307.0,406249792.0,-5.131729667812146,-4.480000000000004,4.523953911461496,0.0
2023-08-04,83.03,84.12,85.4,82.16,47405.0,397813664.0,1.5696691620381786,1.3000000000000114,3.9435248296007903,0.0
2023-08-07,82.0,82.37,84.8,81.11,29511.0,243897904.0,-2.080361388492624,-1.75,4.549377388731349,0.0
2023-08-08,82.01,82.45,84.35,81.31,31844.0,263630432.0,0.0971227388612439,0.0799999999999983,3.7387775181404406,0.0
2023-08-09,81.11,79.17,81.64,77.15,43369.0,342892896.0,-3.978168587022435,-3.280000000000001,5.819831497083596,0.0
2023-08-10,78.0,81.55,82.28,78.0,36985.0,297623968.0,3.0061892130857526,2.3799999999999955,5.487179487179489,0.0
2023-08-11,81.4,79.38,81.48,79.34,26214.0,210519568.0,-2.6609442060085864,-2.1700000000000017,2.6972523317368293,0.0
2023-08-14,78.0,79.0,79.91,77.52,22193.0,174708032.0,-0.47871000251952234,-0.37999999999999545,3.0830753353973175,0.0
2023-08-15,78.73,78.2,81.45,75.46,35226.0,274906944.0,-1.0126582278480956,-0.7999999999999972,7.937980386959992,0.0
2023-08-16,76.74,75.0,77.14,74.31,35069.0,263972016.0,-4.092071611253201,-3.200000000000003,3.8083703404656144,0.0
2023-08-17,75.3,80.58,82.84,74.55,62549.0,494168672.0,7.440000000000002,5.579999999999998,11.120053655264933,0.0
2023-08-18,78.9,81.31,82.82,78.11,70452.0,567773184.0,0.9059319930503795,0.730000000000004,6.029957751888355,0.0
2023-08-21,78.88,76.02,80.0,75.59,48705.0,375527776.0,-6.505964825974675,-5.290000000000006,5.8341050403492485,0.0
2023-08-22,78.0,75.27,78.48,72.3,40106.0,301577536.0,-0.9865824782951838,-0.75,8.547717842323662,0.0
2023-08-23,74.48,76.23,78.98,73.51,45036.0,346604704.0,1.2754085292945527,0.960000000000008,7.441164467419396,0.0
2023-08-24,75.2,72.3,76.97,72.3,30709.0,227774336.0,-5.155450609996071,-3.930000000000007,6.459197786998619,0.0
2023-08-25,71.49,67.86,73.0,67.0,27498.0,191748976.0,-6.141078838174274,-4.439999999999998,8.955223880597014,0.0
2023-08-28,73.75,69.2,73.75,68.8,27547.0,195590016.0,1.9746536987916397,1.3400000000000034,7.19476744186047,0.0
2023-08-29,69.35,74.86,75.49,69.21,31378.0,230473856.0,8.179190751445088,5.659999999999997,9.07383326108944,0.0
2023-08-30,74.0,76.0,76.75,73.63,29188.0,220905040.0,1.522842639593902,1.1400000000000006,4.237403232378114,0.0
2023-08-31,75.5,75.15,77.6,74.2,18089.0,136953696.0,-1.1184210526315685,-0.8499999999999943,4.582210242587589,0.0
2023-09-01,74.77,75.66,79.8,74.51,25827.0,199560336.0,0.678642714570854,0.5099999999999909,7.099718158636413,0.0
2023-09-04,75.11,75.07,76.48,74.22,18570.0,139793616.0,-0.7798043880518191,-0.5900000000000034,3.045001347345736,0.0
2023-09-05,75.07,75.52,76.99,74.5,14541.0,109842080.0,0.5994405221793064,0.45000000000000284,3.3422818791946236,0.0
2023-09-06,75.99,77.72,79.29,75.99,24541.0,190433136.0,2.9131355932203506,2.200000000000003,4.342676667982644,0.0
2023-09-07,75.55,73.7,76.16,73.0,21715.0,162055456.0,-5.1724137931034475,-4.019999999999996,4.328767123287666,0.0
2023-09-08,73.7,78.89,81.8,71.89,35711.0,277207232.0,7.042062415196737,5.189999999999998,13.784949227987198,0.0
2023-09-11,77.35,80.03,81.99,76.8,44809.0,357487776.0,1.4450500697173352,1.1400000000000006,6.757812499999997,0.0
2023-09-12,86.0,82.12,88.0,81.0,58795.0,488527520.0,2.611520679745105,2.0900000000000034,8.641975308641975,0.0
2023-09-13,80.83,76.34,81.89,75.5,34410.0,267582208.0,-7.038480272771553,-5.780000000000001,8.463576158940398,0.0
2023-09-14,76.1,72.43,77.86,72.36,25050.0,187109536.0,-5.1218234215352325,-3.9099999999999966,7.600884466556108,0.0
2023-09-15,72.11,69.34,72.7,69.14,22755.0,160164208.0,-4.266188043628338,-3.0900000000000034,5.148973098061907,0.0
2023-09-18,68.61,73.96,78.9,68.61,42990.0,319053984.0,6.662820882607434,4.61999999999999,14.99781372977701,0.0
2023-09-19,74.0,71.23,74.77,70.53,22724.0,162864832.0,-3.691184424012961,-2.7299999999999898,6.011626258329781,0.0
2023-09-20,71.19,71.2,72.83,70.25,18710.0,133848328.0,-0.04211708549768378,-0.030000000000001137,3.6725978647686808,0.0
2023-09-21,72.0,70.6,73.33,70.06,16592.0,118621488.0,-0.8426966292134908,-0.6000000000000085,4.667427918926628,0.0
2023-09-22,69.3,71.75,72.85,69.2,20152.0,143394000.0,1.6288951841359811,1.1500000000000057,5.274566473988427,0.0
2023-09-25,72.0,70.01,72.35,69.82,13936.0,98400760.0,-2.4250871080139347,-1.7399999999999949,3.6236035519908354,0.0
2023-09-26,69.25,68.2,70.73,68.01,14963.0,103087720.0,-2.5853449507213244,-1.8100000000000023,3.999411851198351,0.0
2023-09-27,68.25,66.53,68.57,65.82,19979.0,133931368.0,-2.448680351906163,-1.6700000000000017,4.178061379519903,0.0
2023-09-28,66.5,68.63,69.06,66.5,16167.0,110323816.0,3.1564707650683754,2.0999999999999943,3.8496240601503793,0.0
2023-10-09,68.61,70.31,71.92,68.6,16793.0,118600544.0,2.4479090776628354,1.6800000000000068,4.839650145772606,0.0
2023-10-10,69.81,68.71,71.0,67.71,19171.0,132407968.0,-2.2756364670743934,-1.6000000000000085,4.85895731797372,0.0
2023-10-11,71.66,70.0,72.87,69.5,25345.0,179039392.0,1.8774559743851116,1.2900000000000063,4.848920863309359,0.0
2023-10-12,71.0,71.91,75.53,70.05,38144.0,276185024.0,2.7285714285714135,1.9099999999999966,7.822983583154895,0.0
2023-10-13,70.6,75.16,76.11,70.6,43593.0,321993216.0,4.519538311778604,3.25,7.80453257790369,0.0
2023-10-16,75.5,77.36,79.66,73.05,53558.0,408850400.0,2.9270888770622783,2.200000000000003,9.048596851471595,0.0
2023-10-17,74.89,72.85,74.9,72.16,38329.0,280621696.0,-5.8298862461220295,-4.510000000000005,3.7971175166297244,0.0
2023-10-18,71.8,74.21,77.21,71.13,41775.0,312667040.0,1.8668496911461885,1.3599999999999994,8.547729509349079,0.0
2023-10-19,72.8,68.94,73.24,68.48,40677.0,286859072.0,-7.101468804743294,-5.269999999999996,6.950934579439238,0.0
2023-10-20,68.3,67.9,71.37,67.5,21013.0,145278848.0,-1.5085581665216008,-1.039999999999992,5.7333333333333405,0.0
2023-10-23,67.53,68.19,69.88,67.22,16881.0,115451552.0,0.4270986745213534,0.28999999999999204,3.957155608449861,0.0
2023-10-24,69.47,73.9,76.99,69.47,50627.0,373687776.0,8.373661827247414,5.710000000000008,10.82481646753994,0.0
2023-10-25,73.23,75.46,76.99,72.9,36597.0,274862592.0,2.1109607577807665,1.559999999999988,5.610425240054854,0.0
2023-10-26,74.11,78.0,78.6,73.46,45314.0,347738144.0,3.366021733368685,2.5400000000000063,6.997005172883203,0.0
2023-10-27,82.0,76.78,87.0,76.69,84443.0,688476928.0,-1.5641025641025652,-1.2199999999999989,13.443734515582218,0.0
2023-10-30,77.65,77.71,80.7,77.01,51400.0,403363072.0,1.2112529304506348,0.9299999999999926,4.791585508375532,0.0
2023-10-31,76.1,73.57,77.3,73.56,38535.0,289635616.0,-5.3274996782910815,-4.140000000000001,5.084284937466007,0.0
2023-11-01,73.13,74.4,76.0,72.5,29368.0,218480128.0,1.1281772461601447,0.8300000000000125,4.827586206896552,0.0
2023-11-02,74.87,75.38,79.23,74.87,43602.0,335109248.0,1.3172043010752477,0.9799999999999898,5.823427273941498,0.0
2023-11-03,75.19,78.02,79.86,75.0,39349.0,305241536.0,3.502255240116736,2.6400000000000006,6.4799999999999995,0.0
2023-11-06,83.0,81.07,84.96,80.0,54349.0,443947040.0,3.909254037426302,3.049999999999997,6.199999999999992,0.0
2023-11-07,81.39,79.65,83.2,78.7,51788.0,417183392.0,-1.751572714937688,-1.4199999999999875,5.717916137229987,0.0
2023-11-08,82.44,84.32,85.0,81.0,59650.0,495210272.0,5.863151286880086,4.6699999999999875,4.938271604938271,0.0
2023-11-09,82.85,79.3,82.85,78.88,43759.0,350904864.0,-5.95351043643263,-5.019999999999996,5.032961460446246,0.0
2023-11-10,78.5,77.82,80.32,76.14,30412.0,236626208.0,-1.8663303909205564,-1.480000000000004,5.489887050170728,0.0
2023-11-13,77.2,78.39,78.39,76.9,20799.0,161530528.0,0.732459521973805,0.5700000000000074,1.9375812743823078,0.0
2023-11-14,78.0,80.15,80.42,77.25,28314.0,223740112.0,2.245184334736572,1.7600000000000051,4.103559870550164,0.0
2023-11-15,79.98,79.0,80.5,77.55,25779.0,203436496.0,-1.4348097317529729,-1.1500000000000057,3.803997421018701,0.0
2023-11-16,78.31,77.26,79.88,77.26,18873.0,147527696.0,-2.2025316455696164,-1.7399999999999949,3.3911467771162185,0.0
2023-11-17,77.7,80.56,81.55,77.3,38567.0,308764384.0,4.271291742169292,3.299999999999997,5.498059508408797,0.0
2023-11-20,81.44,80.55,82.92,79.8,33853.0,275047744.0,-0.012413108242315118,-0.010000000000005116,3.909774436090231,0.0
2023-11-21,79.51,81.21,82.0,78.88,31656.0,254715984.0,0.819366852886394,0.6599999999999966,3.9553752535497018,0.0
2023-11-22,80.3,77.47,82.54,77.47,32680.0,263291648.0,-4.605344169437253,-3.739999999999995,6.544468826642581,0.0
2023-11-23,77.38,79.66,80.8,75.55,28734.0,225980992.0,2.826900735768678,2.1899999999999977,6.949040370615486,0.0
2023-11-24,81.5,83.33,83.56,77.0,50309.0,409114688.0,4.60708009038413,3.6700000000000017,8.519480519480522,0.0
2023-11-27,86.0,85.65,89.8,83.11,67505.0,583705856.0,2.784111364454578,2.3200000000000074,8.049572855252073,0.0
2023-11-28,83.66,85.11,89.35,83.59,49966.0,430789792.0,-0.6304728546409843,-0.5400000000000063,6.890776408661312,0.0
2023-11-29,86.0,82.12,87.28,81.6,43133.0,362941152.0,-3.5131006932205278,-2.989999999999995,6.960784313725499,0.0
2023-11-30,81.01,80.33,82.47,78.89,28855.0,232964128.0,-2.1797369702873937,-1.7900000000000063,4.537964254024589,0.0
2023-12-01,80.18,81.14,81.9,78.12,20232.0,162996656.0,1.0083405950454427,0.8100000000000023,4.838709677419356,0.0
2023-12-04,80.44,79.07,80.88,79.02,18372.0,146507040.0,-2.5511461671185676,-2.0700000000000074,2.3538344722854965,0.0
2023-12-05,78.21,77.88,80.2,76.82,19523.0,152825712.0,-1.5049955735424225,-1.1899999999999977,4.39989586045302,0.0
2023-12-06,77.02,77.39,78.32,76.9,15819.0,122441568.0,-0.6291730868001943,-0.4899999999999949,1.8465539661898407,0.0
2023-12-07,76.98,76.9,77.98,75.8,13729.0,105662808.0,-0.6331567385967074,-0.4899999999999949,2.8759894459102995,0.0
2023-12-08,76.27,76.36,77.43,76.0,10417.0,79713752.0,-0.7022106631989655,-0.5400000000000063,1.88157894736843,0.0
2023-12-11,76.29,78.4,78.62,75.42,15108.0,117061680.0,2.671555788370883,2.0400000000000063,4.242906390877755,0.0
2023-12-12,77.73,77.09,78.4,76.62,11574.0,89671536.0,-1.6709183673469408,-1.3100000000000023,2.323153223701385,0.0
2023-12-13,76.99,75.3,77.5,75.27,10363.0,79015456.0,-2.3219613438837827,-1.7900000000000063,2.962667729507113,0.0
2023-12-14,75.89,71.5,76.3,71.5,20479.0,148720864.0,-5.046480743691895,-3.799999999999997,6.713286713286709,0.0
2023-12-15,71.5,70.91,71.9,70.46,10810.0,76965728.0,-0.8251748251748348,-0.5900000000000034,2.043712744819773,0.0
2023-12-18,70.58,70.2,71.56,69.89,8240.0,58120644.0,-1.0012692144972357,-0.7099999999999937,2.389469165832024,0.0
2023-12-19,70.2,71.05,71.15,69.7,7643.0,54018780.0,1.2108262108261991,0.8499999999999943,2.0803443328550975,0.0
2023-12-20,71.5,70.85,72.2,70.6,9051.0,64707148.0,-0.28149190710767824,-0.20000000000000284,2.2662889518413722,0.0
2023-12-21,71.2,70.85,71.42,69.17,10969.0,77215456.0,0.0,0.0,3.2528552840826945,0.0
2023-12-22,70.5,68.6,70.68,68.46,12657.0,87901832.0,-3.1757233592096035,-2.25,3.2427695004382313,0.0
2023-12-25,68.42,69.1,69.32,68.26,5176.0,35622332.0,0.7288629737609353,0.5,1.552886024025766,0.0
2023-12-26,68.8,67.43,69.6,67.12,6819.0,46158116.0,-2.416787264833553,-1.6699999999999875,3.6948748510130955,0.0
2023-12-27,67.5,67.31,67.83,66.8,6331.0,42576564.0,-0.17796233130654704,-0.12000000000000455,1.5419161676646724,0.0
2023-12-28,66.9,68.94,69.55,66.6,11126.0,76034128.0,2.42163125835686,1.6299999999999955,4.429429429429434,0.0
2023-12-29,68.79,69.64,70.09,68.5,9228.0,64156756.0,1.0153756890049381,0.7000000000000028,2.3211678832116838,0.0
2024-01-02,69.64,68.26,69.98,68.0,6636.0,45720872.0,-1.9816197587593232,-1.3799999999999955,2.911764705882359,0.0
2024-01-03,68.1,66.8,68.1,66.58,7481.0,50261528.0,-2.1388807500732576,-1.460000000000008,2.2829678582156747,0.0
2024-01-04,67.54,67.8,68.38,65.8,15510.0,104206880.0,1.4970059880239583,1.0,3.9209726443768975,0.0
2024-01-05,67.18,67.06,69.27,66.81,11476.0,77944344.0,-1.09144542772861,-0.7399999999999949,3.6820835204310636,0.0
2024-01-08,66.92,65.75,67.71,65.75,10544.0,70001888.0,-1.9534745004473608,-1.3100000000000023,2.9809885931558844,0.0
2024-01-09,65.62,65.25,66.98,64.77,10022.0,66090488.0,-0.760456273764254,-0.5,3.4120734908136607,0.0
2024-01-10,65.25,63.32,65.25,62.86,12573.0,80075000.0,-2.957854406130267,-1.9299999999999997,3.802099904549794,0.0
2024-01-11,63.3,64.79,65.12,63.3,10123.0,65258388.0,2.3215413771320303,1.470000000000006,2.8751974723538822,0.0
2024-01-12,64.5,63.7,65.16,63.5,7975.0,51291380.0,-1.682358388640226,-1.0900000000000034,2.614173228346451,0.0
2024-01-15,63.52,62.1,63.65,61.94,11522.0,72080112.0,-2.5117739403453743,-1.6000000000000014,2.76073619631902,0.0
2024-01-16,62.14,61.92,62.4,60.96,8564.0,52666408.0,-0.28985507246376274,-0.17999999999999972,2.362204724409445,0.0
2024-01-17,61.8,59.83,61.88,59.83,6464.0,39240276.0,-3.3753229974160304,-2.0900000000000034,3.4263747283971324,0.0
2024-01-18,59.12,58.55,60.11,56.87,13068.0,76029824.0,-2.139394952365037,-1.2800000000000011,5.697204149815372,0.0
2024-01-19,58.51,56.35,58.93,56.32,14654.0,83791896.0,-3.757472245943627,-2.1999999999999957,4.634232954545454,0.0
2024-01-22,56.09,53.01,56.87,52.54,13356.0,73302976.0,-5.927240461401961,-3.3400000000000034,8.241339931480773,0.0
2024-01-23,53.01,53.13,53.9,52.1,11752.0,62372960.0,0.22637238256932868,0.12000000000000455,3.4548944337811847,0.0
2024-01-24,53.33,53.05,53.73,51.08,9375.0,49250028.0,-0.15057406361754788,-0.0800000000000054,5.187940485512918,0.0
2024-01-25,52.88,54.06,54.9,52.44,13594.0,73216144.0,1.9038642789821036,1.0100000000000051,4.691075514874143,0.0
2024-01-26,54.06,52.68,54.45,52.5,10373.0,55590060.0,-2.5527192008879096,-1.3800000000000026,3.7142857142857197,0.0
2024-01-29,54.2,51.72,54.5,51.6,11027.0,58170896.0,-1.8223234624145768,-0.9600000000000009,5.620155038759687,0.0
2024-01-30,51.1,49.75,51.87,49.38,9257.0,46743104.0,-3.808971384377413,-1.9699999999999989,5.042527339003635,0.0
2024-01-31,50.0,46.79,50.26,46.61,11515.0,55549308.0,-5.949748743718597,-2.960000000000001,7.830937567045695,0.0
2024-02-01,46.79,46.14,47.32,45.11,10030.0,46446180.0,-1.3891857234451743,-0.6499999999999986,4.8991354466858805,0.0
2024-02-02,46.14,43.72,47.64,42.31,12724.0,57093580.0,-5.244906805374949,-2.4200000000000017,12.597494682108243,0.0
2024-02-05,42.33,38.0,43.39,37.8,17848.0,70582240.0,-13.083257090576394,-5.719999999999999,14.788359788359799,0.0
2024-02-06,37.55,38.9,40.01,35.13,28074.0,106211744.0,2.368421052631575,0.8999999999999986,13.891261030458285,0.0
2024-02-07,39.98,38.23,40.56,37.27,30660.0,120434432.0,-1.722365038560414,-0.6700000000000017,8.82747518111081,0.0
2024-02-08,38.1,41.89,42.48,30.58,38679.0,146742064.0,9.573633272299254,3.6600000000000037,38.91432308698495,0.0
2024-02-19,41.33,42.64,43.75,41.0,26835.0,113554552.0,1.7904034375745947,0.75,6.707317073170732,0.0
2024-02-20,42.64,43.3,43.48,41.42,19033.0,81266504.0,1.5478424015009207,0.6599999999999966,4.973442781265078,0.0
2024-02-21,42.6,44.51,45.99,42.28,28235.0,126601744.0,2.7944572748267893,1.2100000000000009,8.774834437086094,0.0
2024-02-22,43.8,45.64,46.59,43.8,24389.0,110118880.0,2.5387553358795945,1.1300000000000026,6.3698630136986445,0.0
2024-02-23,45.64,48.6,48.66,45.31,30094.0,141329152.0,6.485539000876428,2.960000000000001,7.393511366144326,0.0
2024-02-26,48.52,48.68,50.49,47.68,29314.0,143400352.0,0.16460905349793276,0.0799999999999983,5.893456375838931,0.0
2024-02-27,48.61,51.29,51.32,48.39,30948.0,156007152.0,5.361544782251437,2.6099999999999994,6.054970035131225,0.0
2024-02-28,51.5,45.92,51.9,45.8,39538.0,194967744.0,-10.4698771690388,-5.369999999999997,13.318777292576423,0.0
2024-02-29,45.09,48.35,48.54,44.91,23637.0,112138864.0,5.291811846689898,2.4299999999999997,8.082832331329332,0.0
2024-03-01,48.9,49.25,49.9,48.59,20448.0,100647072.0,1.8614270941054833,0.8999999999999986,2.6960279892981993,0.0
2024-03-04,49.25,48.49,49.98,47.32,17435.0,84492560.0,-1.54314720812182,-0.759999999999998,5.621301775147922,0.0
2024-03-05,48.0,49.41,50.88,47.1,27232.0,133006984.0,1.897298412043713,0.9199999999999946,8.025477707006372,0.0
2024-03-06,49.37,49.31,50.19,48.22,24019.0,118386888.0,-0.2023881805302441,-0.09999999999999432,4.085441725425133,0.0
2024-03-07,49.7,48.3,51.59,48.3,29333.0,145880112.0,-2.0482660717907275,-1.0100000000000051,6.811594202898565,0.0
2024-03-08,48.01,48.19,48.99,47.51,16803.0,80975344.0,-0.2277432712215255,-0.10999999999999943,3.1151336560724143,0.0
2024-03-11,48.18,51.4,51.5,47.0,31901.0,159277616.0,6.661133015148368,3.210000000000001,9.574468085106384,0.0
2024-03-12,51.87,53.66,54.4,50.62,42310.0,222635424.0,4.3968871595330805,2.259999999999998,7.46740418806796,0.0
2024-03-13,53.79,56.93,61.39,53.66,66110.0,384255776.0,6.09392471114425,3.270000000000003,14.405516213194195,0.0
2024-03-14,55.55,54.88,56.28,53.88,35823.0,197662800.0,-3.600913402424022,-2.049999999999997,4.454342984409797,0.0
2024-03-15,54.02,53.88,54.36,52.59,25614.0,136681520.0,-1.8221574344023272,-1.0,3.3656588705076937,0.0
2024-03-18,54.5,55.09,55.38,54.3,22852.0,125326624.0,2.2457312546399377,1.2100000000000009,1.988950276243104,0.0
2024-03-19,55.24,56.95,57.86,54.58,34399.0,195076000.0,3.3762933381738858,1.8599999999999994,6.009527299377063,0.0
2024-03-20,55.51,55.8,56.35,55.0,24655.0,136878480.0,-2.019315188762083,-1.1500000000000057,2.4545454545454573,0.0
2024-03-21,56.26,55.3,56.37,54.75,15950.0,88259480.0,-0.8960573476702538,-0.5,2.9589041095890365,0.0
2024-03-22,55.08,53.88,55.2,53.19,20059.0,108066608.0,-2.5678119349005324,-1.4199999999999946,3.778905809362672,0.0
2024-03-25,52.75,51.75,54.3,51.72,14513.0,77120224.0,-3.9532293986637046,-2.1300000000000026,4.988399071925751,0.0
2024-03-26,51.75,54.93,55.53,51.75,30363.0,165521424.0,6.144927536231881,3.1799999999999997,7.304347826086959,0.0
2024-03-27,55.2,52.86,55.98,52.31,22917.0,123220288.0,-3.768432550518841,-2.0700000000000003,7.015866947046444,0.0
2024-03-28,52.3,54.04,54.37,51.61,19674.0,105075664.0,2.2323117669315273,1.1799999999999997,5.347800813795772,0.0
2024-03-29,54.9,54.38,55.64,53.3,21656.0,117897224.0,0.6291635825314668,0.3400000000000034,4.390243902439031,0.0
2024-04-01,54.4,56.01,56.1,54.4,25196.0,139927472.0,2.997425524089725,1.6299999999999955,3.1250000000000053,0.0
2024-04-02,57.0,54.66,57.52,54.3,22169.0,123428184.0,-2.4102838778789493,-1.3500000000000014,5.9300184162062735,0.0
2024-04-03,54.52,52.05,54.52,51.6,16088.0,84427504.0,-4.774972557628976,-2.6099999999999994,5.6589147286821735,0.0
2024-04-08,52.05,62.46,62.46,52.01,73372.0,450272288.0,20.000000000000018,10.410000000000004,20.092289944241497,0.0
2024-04-09,66.0,63.78,68.58,62.47,106121.0,702312320.0,2.11335254562921,1.3200000000000003,9.780694733472066,0.0
2024-04-10,62.22,59.75,63.04,57.45,70591.0,419733472.0,-6.3185951708999655,-4.030000000000001,9.730200174064398,0.0
2024-04-11,57.09,57.42,58.76,56.51,45196.0,260057680.0,-3.8995815899581565,-2.3299999999999983,3.98159617766767,0.0
2024-04-12,56.76,55.19,59.29,54.92,41913.0,240301600.0,-3.8836642284918232,-2.230000000000004,7.957028404952654,0.0
2024-04-15,55.17,49.85,55.17,47.55,41942.0,215738800.0,-9.675665881500262,-5.339999999999996,16.025236593059947,0.0
2024-04-16,49.62,45.06,49.88,45.06,30427.0,140954096.0,-9.608826479438315,-4.789999999999999,10.696848646249444,0.0
2024-04-17,46.05,49.07,49.34,46.05,27759.0,134170568.0,8.899245450510417,4.009999999999998,7.144408251900122,0.0
2024-04-18,49.47,49.91,51.3,48.5,26135.0,131263496.0,1.7118402282453538,0.8399999999999963,5.7731958762886535,0.0
2024-04-19,49.13,48.03,49.99,47.8,18700.0,90931480.0,-3.7667802043678478,-1.8799999999999955,4.5815899581590065,0.0
2024-04-22,47.22,49.01,49.48,46.34,17365.0,83300768.0,2.0403914220278985,0.9799999999999969,6.776003452740598,0.0
2024-04-23,49.46,51.82,51.82,48.55,25049.0,126491920.0,5.733523770659055,2.8100000000000023,6.735324407826989,0.0
2024-04-24,53.33,55.84,56.7,52.27,52298.0,283710080.0,7.757622539560027,4.020000000000003,8.475224794337095,0.0
2024-04-25,54.42,53.46,56.44,53.35,38172.0,207062336.0,-4.262177650429799,-2.3800000000000026,5.791940018744135,0.0
2024-04-26,53.5,54.33,55.59,53.5,31586.0,171699888.0,1.627384960718281,0.8699999999999974,3.906542056074773,0.0
2024-04-29,60.86,57.36,60.86,56.92,54496.0,318796640.0,5.577029265599109,3.030000000000001,6.921995783555864,0.0
2024-04-30,61.0,58.99,63.9,58.31,56713.0,342714048.0,2.84170153417016,1.6300000000000026,9.58669181958497,0.0
2024-05-06,60.9,60.4,63.36,59.7,57476.0,351047648.0,2.3902356331581665,1.4099999999999966,6.130653266331652,0.0
2024-05-07,58.53,57.9,58.79,57.35,38366.0,222639088.0,-4.139072847682124,-2.5,2.5108979947689587,0.0
2024-05-08,58.88,60.55,62.6,58.31,54333.0,327997248.0,4.576856649395511,2.6499999999999986,7.357228605728004,0.0
2024-05-09,58.08,59.12,60.5,57.6,36266.0,213868064.0,-2.361684558216348,-1.4299999999999997,5.03472222222222,0.0
2024-05-10,58.18,57.98,59.5,57.7,22506.0,131282112.0,-1.9282814614343669,-1.1400000000000006,3.119584055459267,0.0
2024-05-13,56.51,55.6,56.98,55.52,20631.0,115705344.0,-4.104863746119348,-2.3799999999999955,2.6296829971181443,0.0
2024-05-14,55.66,56.24,57.2,55.57,14329.0,80896776.0,1.151079136690658,0.6400000000000006,2.93323735828685,0.0
2024-05-15,56.11,54.46,56.18,54.3,17208.0,94836360.0,-3.1650071123755397,-1.7800000000000011,3.462246777163909,0.0
2024-05-16,54.49,55.22,55.25,54.27,13074.0,71661072.0,1.3955196474476628,0.759999999999998,1.8057858853878697,0.0
2024-05-17,55.85,55.7,56.14,54.57,16578.0,91853616.0,0.8692502716407091,0.480000000000004,2.8770386659336635,0.0
2024-05-20,54.74,56.52,56.6,54.4,17836.0,99367608.0,1.4721723518851038,0.8200000000000003,4.044117647058829,0.0
2024-05-21,55.64,57.4,57.53,55.5,19823.0,111950400.0,1.556970983722561,0.8799999999999955,3.65765765765766,0.0
2024-05-22,57.4,57.5,58.47,56.61,19481.0,111913624.0,0.17421602787457413,0.10000000000000142,3.285638579756226,0.0
2024-05-23,56.66,55.36,56.7,54.92,16869.0,94045776.0,-3.721739130434787,-2.1400000000000006,3.241077931536783,0.0
2024-05-24,55.02,56.56,57.4,54.55,24197.0,136899264.0,2.1676300578034713,1.2000000000000028,5.224564619615036,0.0
2024-05-27,55.55,55.84,57.91,54.25,18004.0,100155912.0,-1.2729844413012725,-0.7199999999999989,6.746543778801837,0.0
2024-05-28,55.04,53.61,55.3,53.61,15772.0,85614120.0,-3.993553008595996,-2.230000000000004,3.1523969408692363,0.0
2024-05-29,54.7,55.16,55.8,53.32,17995.0,98481864.0,2.891251632158176,1.5499999999999972,4.6511627906976685,0.0
2024-05-30,54.95,55.9,57.03,54.1,21750.0,121165288.0,1.3415518491660672,0.740000000000002,5.415896487985212,0.0
2024-05-31,55.89,58.08,58.17,55.51,29514.0,168952976.0,3.899821109123436,2.1799999999999997,4.791929382093323,0.0
2024-06-03,58.5,57.55,58.96,56.5,25982.0,149820176.0,-0.9125344352617137,-0.5300000000000011,4.353982300884957,0.0
2024-06-04,56.78,60.54,60.69,56.67,51330.0,302351872.0,5.195482189400535,2.990000000000002,7.09370037056643,0.0
2024-06-05,60.31,58.35,61.8,58.2,37498.0,223705248.0,-3.6174430128840362,-2.1899999999999977,6.185567010309268,0.0
2024-06-06,56.8,52.89,57.77,52.89,37091.0,204035728.0,-9.357326478149098,-5.460000000000001,9.226696918131976,0.0
2024-06-07,53.77,51.86,54.53,51.5,17596.0,92620224.0,-1.94743807903196,-1.0300000000000011,5.88349514563107,0.0
2024-06-11,51.95,52.08,52.19,49.65,12572.0,64172516.0,0.4242190512919297,0.21999999999999886,5.11581067472306,0.0
2024-06-12,51.64,52.66,53.53,51.4,14036.0,74135120.0,1.113671274961603,0.5799999999999983,4.1439688715953364,0.0
2024-06-13,52.2,52.11,53.18,51.84,13681.0,71657232.0,-1.0444360045575363,-0.5499999999999972,2.5848765432098695,0.0
2024-06-14,51.86,53.18,53.65,50.11,24123.0,125091832.0,2.0533486854730443,1.0700000000000003,7.064458191977647,0.0
2024-06-17,53.18,53.35,54.9,53.0,18189.0,98242304.0,0.3196690485144815,0.1700000000000017,3.5849056603773555,0.0
2024-06-18,52.5,56.32,56.33,52.5,36196.0,200172960.0,5.567010309278353,2.969999999999999,7.295238095238092,0.0
2024-06-19,56.39,55.18,56.98,55.16,20304.0,112987272.0,-2.0241477272727293,-1.1400000000000006,3.299492385786803,0.0
2024-06-20,55.31,53.78,56.04,53.01,18328.0,99757144.0,-2.537151141718008,-1.3999999999999986,5.715902659875498,0.0
2024-06-21,53.1,52.51,53.44,51.99,13893.0,73204656.0,-2.3614726664187513,-1.2700000000000031,2.7889978842084933,0.0
2024-06-24,51.0,48.58,51.95,48.58,18857.0,94806152.0,-7.484288706912967,-3.9299999999999997,6.937011115685476,0.0
2024-06-25,49.0,48.98,49.9,48.0,11555.0,56612048.0,0.8233841086866978,0.3999999999999986,3.9583333333333304,0.0
2024-06-26,48.29,50.0,50.18,47.5,11105.0,54376232.0,2.0824826459779677,1.0200000000000031,5.6421052631578945,0.0
2024-06-27,49.45,47.77,49.9,47.77,10175.0,49804056.0,-4.459999999999997,-2.229999999999997,4.458865396692475,0.0
2024-06-28,47.5,48.1,48.88,47.2,9812.0,47400292.0,0.6908101318819249,0.3299999999999983,3.5593220338983045,0.0
2024-07-01,48.1,48.82,48.9,46.55,12279.0,58629992.0,1.496881496881497,0.7199999999999989,5.048335123523097,0.0
2024-07-02,48.26,47.08,48.83,46.75,9548.0,45527260.0,-3.564113068414587,-1.740000000000002,4.449197860962563,0.0
2024-07-03,47.32,46.0,47.98,45.91,7913.0,36741992.0,-2.2939677145284554,-1.0799999999999983,4.508821607492922,0.0
2024-07-04,46.3,46.6,48.26,46.3,18657.0,88255416.0,1.304347826086949,0.6000000000000014,4.233261339092874,0.0
2024-07-05,47.5,47.23,47.56,45.8,8957.0,41844200.0,1.3519313304720892,0.6299999999999955,3.8427947598253387,0.0
2024-07-08,46.58,46.2,47.49,46.18,8051.0,37578020.0,-2.1808172771543344,-1.029999999999994,2.8367258553486407,0.0
2024-07-09,47.01,48.6,49.12,46.8,17905.0,85704928.0,5.1948051948051965,2.3999999999999986,4.957264957264958,0.0
2024-07-10,50.0,52.0,53.02,50.0,32480.0,167937456.0,6.995884773662553,3.3999999999999986,6.040000000000006,0.0
2024-07-11,52.2,52.99,54.49,51.61,28741.0,152728288.0,1.903846153846156,0.990000000000002,5.580313892656466,0.0
2024-07-12,52.74,54.5,55.04,51.98,33102.0,178721360.0,2.8495942630685,1.509999999999998,5.886879569065029,0.0
2024-07-15,65.4,65.4,65.4,63.11,41711.0,272060704.0,20.000000000000018,10.900000000000006,3.628585010299487,0.0
2024-07-16,69.0,65.72,72.0,65.7,116918.0,811015488.0,0.48929663608561214,0.3199999999999932,9.589041095890407,0.0
2024-07-17,64.0,57.88,65.5,57.8,92669.0,574026880.0,-11.929397443700541,-7.839999999999996,13.321799307958482,0.0
2024-07-18,57.0,59.0,61.69,56.11,75576.0,447204704.0,1.935038009675183,1.1199999999999974,9.944751381215466,0.0
2024-07-19,57.5,58.54,61.56,57.5,61680.0,365641344.0,-0.7796610169491514,-0.46000000000000085,7.060869565217395,0.0
2024-07-22,57.07,58.3,60.2,57.0,48061.0,282414368.0,-0.40997608472839175,-0.240000000000002,5.614035087719303,0.0
2024-07-23,59.31,58.26,61.19,57.86,56283.0,335158656.0,-0.06861063464836947,-0.03999999999999915,5.755271344624954,0.0
2024-07-24,56.14,54.26,56.5,53.39,54849.0,300191168.0,-6.865774116031586,-4.0,5.8250608728226245,0.0
2024-07-25,53.5,55.6,55.9,53.45,39159.0,213833248.0,2.4695908588278748,1.3400000000000034,4.583723105706259,0.0
2024-07-26,55.68,55.85,56.8,55.08,32713.0,182601600.0,0.4496402877697925,0.25,3.122730573710964,0.0
2024-07-29,55.93,56.73,57.58,55.66,31726.0,179561824.0,1.5756490599820872,0.8799999999999955,3.449514911965508,0.0
2024-07-30,56.37,56.1,57.25,54.89,33529.0,187271632.0,-1.1105235325224672,-0.6299999999999955,4.299508107123336,0.0
2024-07-31,55.84,57.22,57.55,55.1,35587.0,200998736.0,1.9964349376114132,1.1199999999999974,4.4464609800362895,0.0
2024-08-01,56.51,58.81,59.33,56.3,37559.0,217995424.0,2.7787486892694835,1.5900000000000034,5.381882770870339,0.0
2024-08-02,57.7,55.75,58.8,55.35,33732.0,192279952.0,-5.203196735249116,-3.0600000000000023,6.233062330623299,0.0
2024-08-05,53.99,52.45,55.48,52.3,25301.0,136365264.0,-5.9192825112107545,-3.299999999999997,6.080305927342256,0.0
2024-08-06,53.6,54.25,54.25,52.5,20600.0,110633856.0,3.431839847473772,1.7999999999999972,3.3333333333333335,0.0
2024-08-07,54.18,54.34,54.73,53.51,14660.0,79634000.0,0.16589861751152846,0.09000000000000341,2.2799476733320856,0.0
2024-08-08,53.9,52.65,53.94,52.2,17168.0,90621176.0,-3.110047846889963,-1.6900000000000048,3.3333333333333237,0.0
2024-08-09,53.16,52.38,53.6,52.08,10564.0,55763576.0,-0.5128205128204999,-0.269999999999996,2.9185867895545377,0.0
2024-08-12,52.39,51.74,53.39,51.5,10274.0,53446052.0,-1.2218403970981284,-0.6400000000000006,3.6699029126213603,0.0
2024-08-13,51.76,52.46,52.46,51.3,8546.0,44318692.0,1.3915732508697376,0.7199999999999989,2.261208576998058,0.0
2024-08-14,52.46,52.48,53.38,52.31,11396.0,60192244.0,0.0381242851696495,0.01999999999999602,2.045497992735615,0.0
2024-08-15,52.11,52.75,53.06,51.52,9747.0,51168912.0,0.5144817073170715,0.2700000000000031,2.9891304347826066,0.0
2024-08-16,52.8,51.88,53.3,51.81,10335.0,54280456.0,-1.6492890995260634,-0.8699999999999974,2.8758926848098723,0.0
2024-08-19,51.96,51.71,52.38,51.0,10111.0,52174604.0,-0.3276792598303824,-0.1700000000000017,2.7058823529411815,0.0
2024-08-20,51.42,50.33,51.69,50.05,8329.0,42266596.0,-2.668729452717078,-1.3800000000000026,3.2767232767232777,0.0
2024-08-21,49.92,50.67,51.09,49.92,7025.0,35600428.0,0.6755414265845472,0.3400000000000034,2.3437500000000036,0.0
2024-08-22,50.3,49.4,50.85,49.16,9910.0,49470836.0,-2.5064140517071287,-1.2700000000000031,3.437754271765673,0.0
2024-08-23,49.5,48.85,49.51,48.4,11469.0,56136208.0,-1.1133603238866363,-0.5499999999999972,2.293388429752065,0.0
2024-08-26,47.4,46.86,48.48,45.9,20305.0,94870648.0,-4.073694984646881,-1.990000000000002,5.6209150326797355,0.0
2024-08-27,46.73,46.58,47.29,45.7,11373.0,53153224.0,-0.5975245411865115,-0.28000000000000114,3.4792122538293135,0.0
2024-08-28,46.62,46.36,46.88,46.07,8567.0,39774132.0,-0.47230571060540294,-0.21999999999999886,1.7581940525287654,0.0
2024-08-29,46.19,47.29,47.65,45.82,11210.0,52634340.0,2.0060396893873955,0.9299999999999997,3.9938891313836717,0.0
2024-08-30,47.49,47.96,48.64,47.4,18249.0,87882088.0,1.416790019031522,0.6700000000000017,2.616033755274266,0.0
2024-09-02,47.7,46.03,48.22,46.03,12074.0,56664508.0,-4.024186822351961,-1.9299999999999997,4.757766673908315,0.0
2024-09-03,46.0,47.22,47.38,45.77,11341.0,53092252.0,2.5852704757766576,1.1899999999999977,3.5175879396984913,0.0
2024-09-04,46.76,47.31,48.17,46.33,12402.0,58599048.0,0.1905972045743498,0.09000000000000341,3.971508741636096,0.0
2024-09-05,47.58,48.66,48.79,47.31,18345.0,88272000.0,2.853519340519961,1.3499999999999943,3.1283026844218917,0.0
2024-09-06,48.9,47.53,49.74,47.47,20603.0,100393368.0,-2.3222359227291323,-1.1299999999999955,4.78196755845798,0.0
2024-09-09,47.11,46.95,47.69,46.47,12897.0,60654148.0,-1.22028192720387,-0.5799999999999983,2.6253496879707314,0.0
2024-09-10,46.99,47.36,47.68,46.54,10498.0,49433048.0,0.8732694355697568,0.4099999999999966,2.44950580146111,0.0
2024-09-11,47.79,47.01,48.2,46.87,11465.0,54330880.0,-0.7390202702702742,-0.3500000000000014,2.837636014508226,0.0
2024-09-12,46.9,46.18,47.6,46.15,9145.0,42764208.0,-1.7655817911082727,-0.8299999999999983,3.141928494041176,0.0
2024-09-13,46.0,44.86,46.36,44.8,10420.0,47218016.0,-2.858380251190995,-1.3200000000000003,3.482142857142862,0.0
2024-09-18,44.86,44.49,45.26,43.55,7682.0,33888872.0,-0.8247882300490339,-0.36999999999999744,3.926521239954078,0.0
2024-09-19,44.89,44.9,45.82,44.54,8831.0,39827268.0,0.9215554057091513,0.4099999999999966,2.873821284238889,0.0
2024-09-20,45.2,45.37,46.14,44.01,13938.0,63055568.0,1.046770601336311,0.46999999999999886,4.839809134287668,0.0
2024-09-23,44.95,48.19,48.29,44.7,27273.0,127809440.0,6.215560943354648,2.8200000000000003,8.031319910514533,0.0
2024-09-24,47.51,48.49,48.49,46.32,27580.0,131447608.0,0.6225357958082656,0.30000000000000426,4.684801381692577,0.0
2024-09-25,48.76,48.0,49.69,48.0,25978.0,127049088.0,-1.0105176325015508,-0.490000000000002,3.5208333333333286,0.0
2024-09-26,48.04,50.26,50.45,48.04,28545.0,141453504.0,4.708333333333337,2.259999999999998,5.016652789342222,0.0
2024-09-27,50.5,53.72,53.72,50.0,33638.0,174695248.0,6.884202148826102,3.460000000000001,7.439999999999998,0.0
2024-09-30,55.79,61.12,62.0,54.45,45303.0,264189056.0,13.775130305286677,7.399999999999999,13.865932047750224,0.0
2024-10-08,72.0,69.56,72.0,62.28,56632.0,381046112.0,13.808900523560208,8.440000000000005,15.606936416184968,0.0
2024-10-09,65.6,61.57,68.23,61.5,41359.0,268909792.0,-11.486486486486491,-7.990000000000002,10.943089430894315,0.0
2024-10-10,62.57,61.68,63.79,59.57,29178.0,180835952.0,0.1786584375507605,0.10999999999999943,7.084102736276647,0.0
2024-10-11,61.7,56.5,62.61,55.7,36470.0,212156384.0,-8.398184176394297,-5.18,12.405745062836617,0.0
2024-10-14,55.26,57.43,57.45,54.0,26413.0,147339216.0,1.6460176991150544,0.9299999999999997,6.388888888888894,0.0
2024-10-15,56.5,55.87,58.49,55.75,22172.0,127120312.0,-2.716350339543794,-1.5600000000000023,4.91479820627803,0.0
2024-10-16,54.78,54.6,55.83,54.0,18329.0,100439520.0,-2.273134061213522,-1.269999999999996,3.3888888888888857,0.0
2024-10-17,55.45,54.83,56.3,54.28,18681.0,103492688.0,0.42124542124541975,0.22999999999999687,3.721444362564473,0.0
2024-10-18,54.61,57.61,58.8,54.1,29829.0,169688928.0,5.0702170344701925,2.780000000000001,8.68761552680221,0.0
2024-10-21,57.61,58.6,59.75,57.22,25744.0,150752912.0,1.7184516576983278,0.990000000000002,4.4215309332401285,0.0
2024-10-22,58.02,58.09,59.49,57.44,23369.0,136357936.0,-0.8703071672354956,-0.509999999999998,3.568941504178281,0.0
2024-10-23,57.83,58.44,59.95,57.31,26882.0,157345008.0,0.6025133413668282,0.3499999999999943,4.606525911708254,0.0
2024-10-24,58.44,57.12,59.29,56.5,23640.0,135629552.0,-2.2587268993839893,-1.3200000000000003,4.938053097345131,0.0
2024-10-25,57.55,58.66,58.66,57.12,26086.0,151238064.0,2.6960784313725394,1.5399999999999991,2.696078431372548,0.0
2024-10-28,60.37,62.84,63.7,59.6,56098.0,349301504.0,7.125809751108103,4.180000000000007,6.879194630872486,0.0
2024-10-29,61.0,61.9,64.55,60.42,39478.0,244574336.0,-1.4958625079567245,-0.9400000000000048,6.835484938761992,0.0
2024-10-30,60.75,59.53,61.19,58.88,27882.0,166899760.0,-3.8287560581583113,-2.3699999999999974,3.9232336956521654,0.0
2024-10-31,59.01,61.5,62.0,57.68,32884.0,197495472.0,3.3092558373928993,1.9699999999999989,7.489597780859918,0.0
2024-11-01,62.15,57.91,63.5,57.9,26312.0,158283184.0,-5.837398373983749,-3.5900000000000034,9.671848013816929,0.0
2024-11-04,57.12,60.56,61.48,57.12,24892.0,150076384.0,4.57606630979106,2.6500000000000057,7.633053221288515,0.0
2024-11-05,60.56,60.93,61.79,59.29,29423.0,178712272.0,0.6109643328930048,0.36999999999999744,4.2165626581211,0.0
2024-11-06,61.23,61.25,62.49,60.0,35722.0,219693760.0,0.5251928442475018,0.3200000000000003,4.150000000000003,0.0
2024-11-07,62.0,61.93,63.39,60.67,30098.0,185955552.0,1.1102040816326486,0.6799999999999997,4.483270149991757,0.0
2024-11-08,63.9,62.84,64.46,62.38,34315.0,217462224.0,1.4694009365412652,0.9100000000000037,3.3344020519397097,0.0
2024-11-11,62.0,63.84,63.88,61.8,30686.0,194191168.0,1.591343093570985,1.0,3.3656957928802673,0.0
2024-11-12,65.15,64.31,67.71,62.85,35781.0,232812320.0,0.736215538847107,0.46999999999999886,7.73269689737469,0.0
2024-11-13,63.85,63.87,64.98,61.79,25074.0,157777152.0,-0.6841859741875345,-0.44000000000000483,5.162647677617746,0.0
2024-11-14,63.36,62.58,63.62,61.4,20604.0,128517472.0,-2.01972757162987,-1.2899999999999991,3.6156351791530925,0.0
2024-11-15,62.0,59.8,63.22,59.8,19116.0,118171896.0,-4.442313838286993,-2.780000000000001,5.7190635451505045,0.0
2024-11-18,60.28,59.02,61.94,57.6,20222.0,121128184.0,-1.304347826086949,-0.779999999999994,7.534722222222216,0.0
2024-11-19,59.08,62.2,62.3,59.08,24384.0,149356528.0,5.388004066418173,3.1799999999999997,5.450236966824643,0.0
2024-11-20,62.2,62.49,63.19,61.51,20372.0,126583600.0,0.46623794212219405,0.28999999999999915,2.7312632092342706,0.0
2024-11-21,62.01,60.9,62.48,60.17,16760.0,102785168.0,-2.5444071051368256,-1.5900000000000034,3.83912248628884,0.0
2024-11-22,60.76,56.8,60.82,56.77,19300.0,113759728.0,-6.732348111658459,-4.100000000000001,7.134049674123652,0.0
2024-11-25,57.2,59.05,60.75,56.59,19319.0,113291296.0,3.9612676056338003,2.25,7.351122106379212,0.0
2024-11-26,60.1,59.42,61.07,58.4,19519.0,116906880.0,0.6265876375952661,0.37000000000000455,4.5719178082191805,0.0
2024-11-27,59.02,60.16,60.25,57.5,13707.0,80809216.0,1.245371928643535,0.7399999999999949,4.782608695652174,0.0
2024-11-28,60.0,58.66,60.25,58.41,12868.0,76322672.0,-2.493351063829785,-1.5,3.150145523026885,0.0
2024-11-29,58.81,60.1,60.59,58.13,17290.0,103378704.0,2.4548244118649976,1.4400000000000048,4.231894030621023,0.0
2024-12-02,60.51,61.66,62.2,60.15,18172.0,111708760.0,2.5956738768718735,1.5599999999999952,3.408146300914388,0.0
2024-12-03,61.69,60.98,61.84,60.55,14395.0,87932792.0,-1.1028219266947747,-0.6799999999999997,2.1304706853839903,0.0
2024-12-04,60.96,61.37,63.0,60.93,22357.0,138471264.0,0.639553952115457,0.39000000000000057,3.3973412112259975,0.0
2024-12-05,61.38,63.42,64.0,60.52,29582.0,185204512.0,3.340394329476948,2.0500000000000043,5.750165234633173,0.0
2024-12-06,63.06,62.52,63.2,61.3,23814.0,147958624.0,-1.4191106906338624,-0.8999999999999986,3.0995106035889166,0.0
2024-12-09,62.36,64.46,65.6,61.69,36799.0,235435904.0,3.103007037747907,1.9399999999999906,6.33814232452585,0.0
2024-12-10,66.47,63.53,67.0,63.43,43345.0,280909408.0,-1.4427551970213948,-0.9299999999999926,5.628251615954595,0.0
2024-12-11,65.41,64.43,65.6,64.01,31985.0,207047280.0,1.4166535495041765,0.9000000000000057,2.483986877050444,0.0
2024-12-12,63.5,64.0,65.38,62.82,27311.0,174903840.0,-0.6673909669408729,-0.4300000000000068,4.07513530722699,0.0
2024-12-13,63.4,61.67,63.44,61.42,22997.0,143292224.0,-3.6406249999999973,-2.3299999999999983,3.2888309996743663,0.0
2024-12-16,61.5,60.99,61.67,60.52,12334.0,75260216.0,-1.1026431003729575,-0.6799999999999997,1.9001982815598124,0.0
2024-12-17,60.68,59.14,61.8,58.97,11173.0,67059736.0,-3.0332841449417947,-1.8500000000000014,4.799050364592163,0.0
2024-12-18,60.28,60.56,61.35,59.22,15029.0,90603016.0,2.401082177882996,1.4200000000000017,3.596757852077005,0.0
2024-12-19,59.01,60.83,61.2,58.88,15705.0,94190712.0,0.445838837516499,0.269999999999996,3.940217391304348,0.0
2024-12-20,60.83,61.54,62.39,60.44,14141.0,87275704.0,1.1671872431366026,0.7100000000000009,3.2263401720714806,0.0
2024-12-23,61.3,58.28,61.69,58.21,14512.0,86627992.0,-5.297367565810851,-3.259999999999998,5.978354234667577,0.0
2024-12-24,59.3,59.91,60.38,58.59,10805.0,64341332.0,2.7968428277282076,1.6299999999999955,3.055128861580473,0.0
2024-12-25,59.57,58.94,60.19,58.35,7247.0,42801368.0,-1.6190953096311134,-0.9699999999999989,3.153384747215075,0.0
2024-12-26,58.48,60.18,60.57,58.48,8667.0,51989008.0,2.103834407872407,1.240000000000002,3.573871409028734,0.0
2024-12-27,60.03,59.28,60.57,59.1,8947.0,53630348.0,-1.495513459621134,-0.8999999999999986,2.4873096446700487,0.0
2024-12-30,59.01,57.64,59.09,57.52,12675.0,73803640.0,-2.7665317139001333,-1.6400000000000006,2.729485396383867,0.0
2024-12-31,57.69,55.29,58.5,55.05,10850.0,61091308.0,-4.077029840388624,-2.3500000000000014,6.267029972752049,0.0
2025-01-02,55.02,52.82,55.58,52.3,10742.0,57933232.0,-4.467353951890029,-2.469999999999999,6.271510516252393,0.0
2025-01-03,53.01,50.54,53.34,50.47,11038.0,57083312.0,-4.316546762589935,-2.280000000000001,5.686546463245501,0.0
2025-01-06,50.12,50.06,51.0,49.06,7887.0,39508144.0,-0.9497427779976197,-0.4799999999999969,3.9543416225030525,0.0
2025-01-07,50.06,51.58,51.58,50.01,8773.0,44573724.0,3.0363563723531772,1.519999999999996,3.139372125574886,0.0
2025-01-08,51.43,51.35,51.78,49.7,9554.0,48493060.0,-0.4459092671578069,-0.22999999999999687,4.1851106639839,0.0
2025-01-09,50.82,51.83,52.48,50.82,7043.0,36533832.0,0.934761441090548,0.4799999999999969,3.2664305391578052,0.0
2025-01-10,51.85,50.86,53.17,50.67,8497.0,44367068.0,-1.8715029905460145,-0.9699999999999989,4.9338859285573315,0.0
2025-01-13,50.99,52.48,53.37,50.03,11222.0,58210792.0,3.185214313802587,1.6199999999999974,6.675994403357978,0.0
2025-01-14,52.48,54.87,54.9,52.47,15007.0,81557472.0,4.554115853658547,2.3900000000000006,4.631217838765008,0.0
2025-01-15,54.85,53.76,55.2,53.54,10662.0,57815088.0,-2.0229633679606285,-1.1099999999999994,3.100485618229368,0.0
2025-01-16,53.88,54.21,55.24,53.54,13064.0,70934568.0,0.837053571428581,0.45000000000000284,3.1751961150541708,0.0
2025-01-17,54.0,53.71,54.54,53.0,8668.0,46484468.0,-0.9223390518354524,-0.5,2.905660377358489,0.0
2025-01-20,54.15,54.16,54.8,53.88,6844.0,37139488.0,0.8378328058089579,0.44999999999999574,1.7074981440237464,0.0
2025-01-21,54.5,54.39,54.87,53.1,8040.0,43343116.0,0.42466765140325435,0.23000000000000398,3.3333333333333255,0.0
2025-01-22,54.37,53.13,54.37,52.8,9942.0,53094468.0,-2.316602316602312,-1.259999999999998,2.973484848484849,0.0
2025-01-23,53.85,53.56,55.18,53.4,13595.0,73642192.0,0.8093355919442935,0.4299999999999997,3.3333333333333353,0.0
2025-01-24,53.55,54.42,54.54,53.1,8222.0,44279948.0,1.6056758775205404,0.8599999999999994,2.711864406779657,0.0
2025-01-27,54.46,52.89,54.91,52.89,8341.0,45091492.0,-2.811466372657112,-1.5300000000000011,3.819247494800522,0.0
2025-02-05,53.5,54.01,54.58,53.08,11541.0,62227188.0,2.117602571374544,1.1199999999999974,2.825923134890731,0.0
2025-02-06,54.0,64.81,64.81,53.52,45464.0,273789984.0,19.996296982040374,10.800000000000004,21.094917787742897,0.0
2025-02-07,68.0,67.08,70.99,65.8,108287.0,737365952.0,3.5025459034099704,2.269999999999996,7.8875379939209695,0.0
2025-02-10,66.0,67.51,68.65,64.64,67290.0,449011968.0,0.641025641025661,0.4300000000000068,6.203589108910899,0.0
2025-02-11,70.37,66.66,70.6,66.08,69126.0,471171456.0,-1.2590727299659488,-0.8500000000000085,6.840193704600478,0.0
2025-02-12,65.04,67.61,69.0,63.83,60335.0,401526496.0,1.4251425142514318,0.9500000000000028,8.099639667867777,0.0
2025-02-13,67.66,67.58,69.98,67.0,56536.0,387591328.0,-0.04437213429966391,-0.030000000000001137,4.447761194029857,0.0
2025-02-14,66.82,74.08,81.1,66.5,87068.0,647725568.0,9.618230245634795,6.5,21.954887218045105,0.0
2025-02-17,76.67,76.4,81.0,72.29,82527.0,630273664.0,3.1317494600431983,2.3200000000000074,12.048692765251062,0.0
2025-02-18,74.14,73.5,76.65,73.17,46909.0,350823968.0,-3.79581151832461,-2.9000000000000057,4.7560475604756105,0.0
2025-02-19,74.48,75.16,78.66,73.98,54496.0,412503424.0,2.2585034013605343,1.6599999999999966,6.32603406326033,0.0
2025-02-20,75.16,74.65,76.67,72.83,45586.0,339365952.0,-0.6785524215007888,-0.5099999999999909,5.272552519566117,0.0
2025-02-21,73.66,75.27,76.49,73.5,52167.0,391650400.0,0.830542531815115,0.6199999999999903,4.068027210884346,0.0
2025-02-24,74.25,72.9,75.0,71.72,38282.0,278799616.0,-3.148664806695878,-2.3699999999999903,4.573340769659789,0.0
2025-02-25,71.75,74.56,77.77,71.5,48100.0,361311616.0,2.27709190672154,1.6599999999999966,8.769230769230765,0.0
2025-02-26,75.0,75.01,76.85,74.4,37441.0,282203200.0,0.6035407725321962,0.45000000000000284,3.2930107526881565,0.0
2025-02-27,76.93,75.26,78.2,73.3,49617.0,378512320.0,0.33328889481403223,0.25,6.684856753069584,0.0
2025-02-28,74.47,70.29,75.48,70.0,38381.0,277018624.0,-6.6037735849056585,-4.969999999999999,7.8285714285714345,0.0
2025-03-03,71.11,71.15,72.8,70.3,28393.0,202889680.0,1.2235026319533437,0.8599999999999994,3.556187766714083,0.0
2025-03-04,69.84,70.77,71.79,69.06,22916.0,161928048.0,-0.53408292340128,-0.38000000000000966,3.9530842745438806,0.0
2025-03-05,70.1,71.23,71.52,69.41,20730.0,145747488.0,0.6499929348594113,0.46000000000000796,3.039907794265955,0.0
2025-03-06,71.39,73.06,74.0,70.63,27138.0,198085632.0,2.5691422153586885,1.8299999999999983,4.771343621690507,0.0
2025-03-07,71.85,73.6,74.9,71.57,24336.0,177955712.0,0.7391185327128236,0.539999999999992,4.652787480788058,0.0
2025-03-10,73.11,73.57,74.19,71.69,22375.0,163247408.0,-0.040760869565215074,-0.030000000000001137,3.487236713628121,0.0
2025-03-11,72.05,74.25,74.74,71.8,21729.0,159787264.0,0.9242897920348048,0.6800000000000068,4.094707520891363,0.0
2025-03-12,77.68,75.01,77.98,75.01,44599.0,340387296.0,1.0235690235690376,0.7600000000000051,3.9594720703906128,0.0
2025-03-13,74.28,71.0,75.45,70.61,32958.0,239868752.0,-5.345953872816967,-4.010000000000005,6.854553179436346,0.0
2025-03-14,71.01,71.95,72.37,70.13,20730.0,148096384.0,1.3380281690140938,0.9500000000000028,3.1940681591330518,0.0
2025-03-17,72.94,72.95,73.59,71.3,14312.0,103765856.0,1.3898540653231484,1.0,3.211781206171117,0.0
2025-03-18,73.3,73.9,74.18,72.2,16743.0,122874872.0,1.3022618231665506,0.9500000000000028,2.7423822714681494,0.0
2025-03-19,73.64,74.2,75.35,72.71,16886.0,125061528.0,0.4059539918809252,0.29999999999999716,3.630862329803329,0.0
2025-03-20,73.52,73.16,75.0,73.08,14663.0,108659464.0,-1.401617250673859,-1.0400000000000063,2.627257799671595,0.0
2025-03-21,72.3,68.85,72.99,68.85,21076.0,147571792.0,-5.891197375615098,-4.310000000000002,6.013071895424838,0.0
2025-03-24,68.5,68.0,69.2,65.88,14724.0,99420592.0,-1.2345679012345623,-0.8499999999999943,5.039465695203411,0.0
2025-03-25,68.11,67.83,70.35,67.37,12084.0,83130936.0,-0.2500000000000058,-0.1700000000000017,4.423333828113388,0.0
2025-03-26,67.17,68.58,69.3,67.17,9662.0,66371528.0,1.1057054400707589,0.75,3.1710585082626106,0.0
2025-03-27,68.17,67.02,68.5,66.9,11415.0,77207080.0,-2.274715660542437,-1.5600000000000023,2.391629297458885,0.0
2025-03-28,67.15,66.33,67.67,66.06,7823.0,52162088.0,-1.0295434198746567,-0.6899999999999977,2.437178322736905,0.0
2025-03-31,66.0,66.69,66.72,64.75,11413.0,75171840.0,0.5427408412483015,0.35999999999999943,3.042471042471041,0.0
2025-04-01,67.6,67.21,69.38,67.11,14557.0,99435712.0,0.7797270955165692,0.519999999999996,3.3825063328863,0.0
2025-04-02,67.4,66.87,68.34,66.51,11227.0,75590456.0,-0.5058771016217656,-0.3399999999999892,2.751465944970678,0.0
2025-04-03,65.1,64.55,67.29,64.04,10627.0,69444048.0,-3.4694182742635027,-2.3200000000000074,5.0749531542785755,0.0
2025-04-07,59.0,51.64,61.99,51.64,23265.0,128077600.0,-19.999999999999996,-12.909999999999997,20.042602633617353,0.0
2025-04-08,52.0,53.38,54.7,51.65,25629.0,135038576.0,3.3694810224632166,1.740000000000002,5.905130687318498,0.0
2025-04-09,51.0,52.4,53.17,47.0,32184.0,163538048.0,-1.8358935931060416,-0.980000000000004,13.12765957446809,0.0
2025-04-10,54.87,54.06,56.15,53.8,22828.0,125611792.0,3.16793893129772,1.6600000000000037,4.368029739776954,0.0
2025-04-11,54.69,55.47,56.85,53.05,19232.0,106293816.0,2.608213096559364,1.4099999999999966,7.16305372290293,0.0
2025-04-14,56.76,56.8,57.65,56.25,13981.0,79409160.0,2.3976924463674054,1.3299999999999983,2.4888888888888863,0.0
2025-04-15,56.76,56.71,57.65,55.94,12280.0,69581528.0,-0.15845070422534357,-0.0899999999999963,3.0568466213800516,0.0
2025-04-16,56.58,54.99,56.95,54.36,10771.0,59714012.0,-3.032974783988718,-1.7199999999999989,4.7645327446652015,0.0
2025-04-17,54.21,55.0,56.37,54.21,9411.0,52181992.0,0.018185124568104172,0.00999999999999801,3.984504703929158,0.0
2025-04-18,54.51,55.93,56.53,54.28,10266.0,56903500.0,1.6909090909090985,0.9299999999999997,4.145173176123802,0.0
2025-04-21,55.99,58.5,59.13,55.78,18277.0,105633520.0,4.595029501162173,2.5700000000000003,6.005736823234137,0.0
2025-04-22,58.48,58.7,59.88,57.68,15974.0,94033720.0,0.34188034188034067,0.20000000000000284,3.8141470180305186,0.0
2025-04-23,61.25,61.16,62.28,60.02,42639.0,261055728.0,4.190800681430984,2.4599999999999937,3.7654115294901667,0.0
2025-04-24,60.1,60.28,62.19,59.88,25757.0,156791232.0,-1.4388489208633004,-0.8799999999999955,3.8577154308617154,0.0
2025-04-25,59.78,59.15,60.62,59.0,19595.0,116734592.0,-1.8745852687458542,-1.1300000000000026,2.745762711864402,0.0
2025-04-28,58.89,58.66,59.38,58.0,11045.0,64897928.0,-0.8284023668639118,-0.490000000000002,2.3793103448275907,0.0
2025-04-29,59.29,59.55,60.59,58.77,11609.0,69449336.0,1.5172178656665647,0.8900000000000006,3.0968181044750724,0.0
2025-04-30,60.1,60.55,61.0,59.6,11836.0,71294592.0,1.6792611251049472,1.0,2.3489932885906017,0.0
2025-05-06,60.62,62.29,62.99,60.14,17551.0,108271040.0,2.8736581337737377,1.740000000000002,4.738942467575659,0.0
2025-05-07,64.16,63.07,66.56,62.31,31117.0,199789696.0,1.2522074169208475,0.7800000000000011,6.820735034504895,0.0
2025-05-08,63.19,63.0,63.9,62.23,18509.0,116871288.0,-0.11098779134295356,-0.07000000000000028,2.683593122288288,0.0
2025-05-09,62.88,61.63,63.27,61.0,12230.0,75641536.0,-2.1746031746031735,-1.3699999999999974,3.7213114754098413,0.0
2025-05-12,62.66,63.05,63.5,62.46,12511.0,78776000.0,2.3040726918708287,1.4199999999999946,1.6650656420108858,0.0
2025-05-13,63.82,62.0,64.13,61.82,11588.0,72826120.0,-1.6653449643140306,-1.0499999999999972,3.736654804270455,0.0
2025-05-14,63.8,62.3,63.92,62.0,22907.0,143693312.0,0.4838709677419395,0.29999999999999716,3.0967741935483897,0.0
2025-05-15,61.83,61.5,62.1,61.0,12780.0,78542280.0,-1.284109149277679,-0.7999999999999972,1.8032786885245924,0.0
2025-05-16,66.3,73.8,73.8,65.08,70276.0,489518592.0,19.999999999999996,12.299999999999997,13.398893669330054,0.0
2025-05-19,84.0,80.25,88.5,79.05,126254.0,1045564480.0,8.739837398373984,6.450000000000003,11.954459203036057,0.0
2025-05-20,79.04,77.75,83.4,77.5,101305.0,816291648.0,-3.1152647975077885,-2.5,7.612903225806458,0.0
2025-05-21,74.0,76.0,78.8,73.5,76670.0,577327680.0,-2.2508038585209,-1.75,7.210884353741492,0.0
2025-05-22,74.13,70.84,74.69,70.6,60083.0,432890240.0,-6.789473684210523,-5.159999999999997,5.793201133144481,0.0
2025-05-23,71.0,71.41,73.98,70.19,56824.0,410389472.0,0.8046301524562205,0.5699999999999932,5.39962957686281,0.0
2025-05-26,69.71,70.69,71.68,68.73,38407.0,268999744.0,-1.008262148158523,-0.7199999999999989,4.2921577186090545,0.0
2025-05-27,70.66,69.84,70.78,69.59,25225.0,176587984.0,-1.202433158862637,-0.8499999999999943,1.7100158068687996,0.0
2025-05-28,71.82,72.29,75.37,71.76,64397.0,474880448.0,3.508018327605966,2.450000000000003,5.030657748049052,0.0
2025-05-29,71.03,76.24,76.97,71.03,67495.0,503799744.0,5.464102918799263,3.9499999999999886,8.36266366324088,0.0
2025-05-30,74.49,69.7,74.59,69.65,52373.0,373599776.0,-8.578174186778586,-6.539999999999992,7.092605886575731,0.0
2025-06-03,69.0,69.31,70.28,69.0,24088.0,167726320.0,-0.5595408895265441,-0.39000000000000057,1.8550724637681175,0.0
2025-06-04,69.85,70.35,70.58,69.32,20993.0,146871104.0,1.5005049776366963,1.039999999999992,1.8176572417772725,0.0
2025-06-05,70.8,69.4,70.85,68.01,27602.0,190558208.0,-1.3503909026296945,-0.9499999999999886,4.175856491692382,0.0
2025-06-06,68.7,67.57,68.92,67.07,23931.0,162072080.0,-2.6368876080691828,-1.8300000000000125,2.7583122111227207,0.0
2025-06-09,67.33,67.97,68.29,66.91,14208.0,96350072.0,0.591978688767214,0.4000000000000057,2.062471977282932,0.0
2025-06-10,67.5,67.63,68.1,65.83,18091.0,121668904.0,-0.5002206855965863,-0.3400000000000034,3.448275862068959,0.0
2025-06-11,69.12,72.05,72.38,69.12,55099.0,391659744.0,6.535561141505242,4.420000000000002,4.716435185185172,0.0
2025-06-12,70.1,69.95,71.6,69.29,33414.0,234453872.0,-2.9146426092990896,-2.0999999999999943,3.3338144032327723,0.0
2025-06-13,69.13,66.42,69.13,66.32,29807.0,200478128.0,-5.046461758398857,-3.530000000000001,4.237032569360679,0.0
2025-06-16,65.83,67.69,67.72,65.73,15790.0,106053960.0,1.9120746763023222,1.269999999999996,3.0275368933515816,0.0
2025-06-17,67.44,67.04,67.98,66.75,11581.0,77816808.0,-0.9602600088639224,-0.6499999999999915,1.8426966292134892,0.0
2025-06-18,66.7,67.37,67.5,66.0,12901.0,86046816.0,0.4922434367541806,0.3299999999999983,2.272727272727273,0.0
2025-06-19,67.14,66.2,68.36,66.01,17426.0,117079552.0,-1.7366780466082865,-1.1700000000000017,3.5600666565671775,0.0
2025-06-20,66.22,64.87,66.8,64.74,13324.0,87511320.0,-2.0090634441087607,-1.3299999999999983,3.1819586036453544,0.0
2025-06-23,64.43,65.58,65.64,64.0,10442.0,68032184.0,1.0944966856790472,0.7099999999999937,2.562500000000001,0.0
2025-06-24,69.97,71.42,75.65,69.97,63677.0,460248160.0,8.90515401036902,5.840000000000003,8.11776475632415,0.0
2025-06-25,69.56,70.82,71.33,69.56,45268.0,319155424.0,-0.8401008120974662,-0.6000000000000085,2.5445658424381774,0.0
2025-06-26,70.02,70.5,71.55,70.02,30489.0,215887232.0,-0.45184975995480325,-0.3199999999999932,2.185089974293061,0.0
2025-06-27,71.46,70.21,72.1,69.83,24342.0,171391056.0,-0.41134751773050926,-0.29000000000000625,3.250751825862804,0.0
2025-06-30,69.8,70.8,70.88,69.8,16904.0,119014560.0,0.8403361344537785,0.5900000000000034,1.5472779369627483,0.0
2025-07-01,70.57,70.35,71.03,69.83,14236.0,100106632.0,-0.6355932203389925,-0.45000000000000284,1.7184591149935597,0.0
2025-07-02,70.2,69.28,70.98,68.88,16167.0,112428456.0,-1.5209665955934537,-1.0699999999999932,3.0487804878048905,0.0
2025-07-03,69.03,69.3,69.46,68.68,10723.0,74041216.0,0.028868360277134464,0.01999999999999602,1.135701805474646,0.0
2025-07-04,70.0,68.46,70.0,67.8,13824.0,94860152.0,-1.21212121212122,-0.8400000000000034,3.2448377581120984,0.0
2025-07-07,67.8,68.3,68.4,67.04,12020.0,81245424.0,-0.2337131171486928,-0.1599999999999966,2.028639618138424,0.0
2025-07-08,68.41,69.12,69.48,68.2,12110.0,83514312.0,1.2005856515373559,0.8200000000000074,1.8768328445747817,0.0
2025-07-09,68.5,70.14,71.8,68.5,25536.0,178722608.0,1.475694444444442,1.019999999999996,4.817518248175178,0.0
2025-07-10,70.04,71.58,72.8,69.56,30612.0,217979872.0,2.0530367835757124,1.4399999999999977,4.6578493387003945,0.0
2025-07-11,71.15,71.8,72.3,69.57,24236.0,171978400.0,0.30734842134674256,0.21999999999999886,3.924105217766285,0.0
2025-07-14,72.57,73.05,74.28,71.3,29034.0,211890112.0,1.7409470752089096,1.25,4.179523141654984,0.0
2025-07-15,72.1,73.3,73.46,70.88,29686.0,214327200.0,0.3422313483915085,0.25,3.6399548532731356,0.0
2025-07-16,73.65,76.37,77.98,72.8,48232.0,363528576.0,4.18826739427014,3.0700000000000074,7.115384615384625,0.0
2025-07-17,75.55,74.51,76.37,74.51,32722.0,245454752.0,-2.4355113264370787,-1.8599999999999994,2.496309220238893,0.0
2025-07-18,74.1,73.66,74.84,73.1,22891.0,168826240.0,-1.1407864716145633,-0.8500000000000085,2.3803009575923517,0.0
2025-07-21,73.48,74.59,74.71,73.02,21885.0,162405872.0,1.2625576975291875,0.9300000000000068,2.3144344015338234,0.0
2025-07-22,74.12,73.4,74.2,73.01,20074.0,147732160.0,-1.595388121732133,-1.1899999999999977,1.62991371045062,0.0
2025-07-23,73.03,72.49,73.7,72.48,15727.0,114860440.0,-1.2397820163487894,-0.9100000000000108,1.6832229580573934,0.0
2025-07-24,72.01,73.66,73.73,72.01,16281.0,119136712.0,1.6140157263070831,1.1700000000000017,2.3885571448409926,0.0
2025-07-25,74.56,75.6,75.9,74.2,31225.0,234394864.0,2.633722508824321,1.9399999999999977,2.2911051212938043,0.0
2025-07-28,75.6,74.87,76.25,74.69,18036.0,135692736.0,-0.9656084656084474,-0.7299999999999898,2.088633016468071,0.0
2025-07-29,74.85,75.1,76.2,73.58,20221.0,151280032.0,0.3071991451849776,0.22999999999998977,3.5607502038597505,0.0
2025-07-30,74.91,72.82,74.91,72.48,17453.0,128232456.0,-3.035952063914782,-2.280000000000001,3.352649006622506,0.0
2025-07-31,72.6,71.68,73.7,71.23,13822.0,100124632.0,-1.5655039824223893,-1.1399999999999864,3.467640039309278,0.0
2025-08-01,71.66,72.09,72.76,71.24,11657.0,83976080.0,0.5719866071428603,0.4099999999999966,2.1336327905671117,0.0
2025-08-04,71.55,72.69,72.8,71.55,10709.0,77259904.0,0.832292967124415,0.5999999999999943,1.7470300489168415,0.0
2025-08-05,73.42,72.65,73.5,72.0,10493.0,76160480.0,-0.055028201953488676,-0.03999999999999204,2.083333333333333,0.0
2025-08-06,71.83,71.05,72.88,70.14,25525.0,182329648.0,-2.202339986235391,-1.6000000000000085,3.906472768748211,0.0
2025-08-07,71.25,70.22,72.25,69.9,18821.0,132754568.0,-1.168191414496833,-0.8299999999999983,3.36194563662374,0.0
2025-08-08,74.47,75.03,80.06,73.95,73081.0,555553088.0,6.8499003133010605,4.810000000000002,8.262339418526029,0.0
2025-08-11,73.44,74.9,76.0,73.44,45520.0,339516800.0,-0.17326402772224192,-0.12999999999999545,3.4858387799564303,0.0
2025-08-12,75.28,77.27,77.77,74.27,45210.0,342618848.0,3.1642189586114755,2.3699999999999903,4.71253534401508,0.0
2025-08-13,76.5,76.52,77.5,75.71,29952.0,228930960.0,-0.9706224925585594,-0.75,2.3642847708360932,0.0
2025-08-14,76.56,73.88,76.88,73.75,26882.0,201049408.0,-3.45007841087297,-2.6400000000000006,4.244067796610163,0.0
2025-08-15,73.87,76.95,77.2,73.58,36324.0,276347744.0,4.155387114239306,3.0700000000000074,4.919815167164996,0.0
2025-08-18,77.3,76.92,77.99,76.3,32186.0,248304144.0,-0.03898635477582735,-0.030000000000001137,2.214941022280469,0.0
2025-08-19,76.39,78.38,78.94,75.31,35132.0,271943072.0,1.8980759230369237,1.4599999999999937,4.820077015004641,0.0
2025-08-20,77.91,80.47,81.22,77.3,43317.0,346049056.0,2.6664965552436914,2.0900000000000034,5.071151358344117,0.0
2025-08-21,80.4,78.45,81.43,77.97,37172.0,293652096.0,-2.5102522679259276,-2.019999999999996,4.437604206746195,0.0
2025-08-22,78.21,77.74,78.58,77.22,26184.0,204111888.0,-0.905035054174641,-0.710000000000008,1.7612017612017603,0.0
2025-08-25,77.84,79.55,82.13,77.83,41542.0,331755168.0,2.32827373295601,1.8100000000000023,5.524861878453035,0.0
2025-08-26,80.02,80.09,83.0,78.78,37541.0,301553344.0,0.6788183532369763,0.5400000000000063,5.356689515105355,0.0
2025-08-27,85.25,96.11,96.11,81.82,115690.0,1052212032.0,20.002497190660495,16.019999999999996,17.465167440723548,0.0
2025-08-28,104.1,115.33,115.33,100.91,64414.0,702654080.0,19.997919051087298,19.22,14.289961351699537,0.0
2025-08-29,126.97,123.05,131.95,117.89,128337.0,1603663872.0,6.693835081938793,7.719999999999999,11.92637204173381,0.0
2025-09-01,120.13,117.0,128.5,115.2,100588.0,1207263872.0,-4.916700528240547,-6.049999999999997,11.545138888888888,0.0
2025-09-02,117.11,129.89,139.98,116.1,121433.0,1519938304.0,11.01709401709401,12.889999999999986,20.56847545219638,0.0
2025-09-03,130.14,129.85,143.9,128.0,110401.0,1485577984.0,-0.030795288320883962,-0.03999999999999204,12.421875000000004,0.0
2025-09-04,127.5,126.6,139.0,121.0,95324.0,1237072000.0,-2.502887947631882,-3.25,14.87603305785124,0.0
2025-09-05,129.0,147.95,151.0,128.0,103784.0,1441616896.0,16.864139020537117,21.349999999999994,17.96875,0.0
2025-09-08,143.94,141.99,146.0,136.75,86434.0,1217846784.0,-4.0283879689083975,-5.9599999999999795,6.764168190127971,0.0
2025-09-09,142.29,145.98,152.9,141.0,76684.0,1124848768.0,2.810057046270842,3.9899999999999807,8.439716312056742,0.0
2025-09-10,139.5,137.25,139.8,132.0,72869.0,991092160.0,-5.980271270036985,-8.72999999999999,5.909090909090918,0.0
2025-09-11,139.0,147.03,149.77,135.0,75746.0,1078612096.0,7.1256830601093,9.780000000000001,10.940740740740749,0.0
2025-09-12,147.0,159.12,168.86,143.81,85553.0,1336536448.0,8.222811671087538,12.090000000000003,17.418816493985126,0.0
2025-09-15,163.0,178.15,190.94,160.5,106114.0,1927801344.0,11.959527400703873,19.03,18.965732087227412,0.0
2025-09-16,184.0,190.88,203.15,181.11,102267.0,1956341888.0,7.145663766488908,12.72999999999999,12.169399812268782,0.0
2025-09-17,196.02,218.03,222.22,192.44,108182.0,2219228160.0,14.223595976529758,27.150000000000006,15.474953232176263,0.0
2025-09-18,213.2,209.0,218.5,200.0,102997.0,2123639424.0,-4.141631885520347,-9.030000000000001,9.25,0.0
2025-09-19,198.0,184.08,198.4,181.02,81761.0,1534848000.0,-11.923444976076548,-24.919999999999987,9.601149044304494,0.0
2025-09-22,187.04,184.31,189.19,182.0,59348.0,1101889792.0,0.1249456757931311,0.22999999999998977,3.9505494505494494,0.0
2025-09-23,179.0,192.38,194.52,179.0,69009.0,1304393984.0,4.378492756768493,8.069999999999993,8.67039106145252,0.0
2025-09-24,187.0,178.25,187.0,173.0,67092.0,1189431296.0,-7.344838340783866,-14.129999999999995,8.092485549132949,0.0
2025-09-25,176.71,175.08,180.88,174.83,46374.0,822869632.0,-1.7784011220196239,-3.1699999999999875,3.460504490076064,0.0
2025-09-26,175.02,172.0,185.2,172.0,50869.0,907489216.0,-1.7591957962074578,-3.0800000000000125,7.674418604651157,0.0
2025-09-29,177.16,178.56,179.99,172.81,44190.0,779056576.0,3.8139534883721016,6.560000000000002,4.154852149759856,0.0
2025-09-30,180.36,171.9,180.87,170.5,46002.0,796173632.0,-3.7298387096774133,-6.659999999999997,6.082111436950149,0.0
2025-10-09,168.0,166.91,169.92,164.0,47286.0,786243072.0,-2.902850494473541,-4.990000000000009,3.6097560975609677,0.0
2025-10-10,165.2,159.0,165.55,158.4,39091.0,630444288.0,-4.739080941824936,-7.909999999999997,4.513888888888892,0.0
2025-10-13,151.31,154.8,157.9,151.31,33858.0,522940768.0,-2.6415094339622525,-4.199999999999989,4.3552970722358095,0.0
2025-10-14,157.0,149.0,157.8,148.1,29812.0,454271968.0,-3.7467700258397962,-5.800000000000011,6.549628629304535,0.0
2025-10-15,149.9,156.8,157.0,148.15,37157.0,571401472.0,5.234899328859077,7.800000000000011,5.973675329058382,0.0
2025-10-16,154.5,154.74,158.98,153.54,31368.0,490143296.0,-1.313775510204085,-2.0600000000000023,3.54305067083496,0.0
2025-10-17,153.3,149.9,154.99,149.33,23996.0,362899840.0,-3.1278273232519083,-4.840000000000003,3.790263175517308,0.0
2025-10-20,150.0,149.85,155.27,149.21,24262.0,367942144.0,-0.03335557038025572,-0.05000000000001137,4.06138998726627,0.0
2025-10-21,149.0,152.69,153.12,145.17,27712.0,414775072.0,1.8952285618952347,2.8400000000000034,5.476338086381496,0.0
2025-10-22,147.52,149.39,150.8,146.5,27177.0,403526528.0,-2.161241731613084,-3.3000000000000114,2.935153583617755,0.0
2025-10-23,152.29,145.92,152.95,144.55,29761.0,436985120.0,-2.3227793024968246,-3.469999999999999,5.811138014527828,0.0
2025-10-24,146.52,153.69,153.69,145.82,35751.0,536321504.0,5.3248355263157965,7.77000000000001,5.397064874502815,0.0
2025-10-27,155.0,152.52,157.2,150.38,36790.0,563310464.0,-0.7612726917821555,-1.1699999999999875,4.53517755020614,0.0
2025-10-28,153.39,150.6,156.46,149.08,37079.0,564684736.0,-1.258851298190411,-1.920000000000016,4.950362221625969,0.0
2025-10-29,151.77,153.36,153.6,147.51,35851.0,541030912.0,1.8326693227091795,2.7600000000000193,4.128533658735003,0.0
2025-10-30,152.0,143.75,152.9,143.5,42942.0,627393728.0,-6.266301512780393,-9.610000000000014,6.550522648083628,0.0
2025-10-31,142.61,155.99,160.3,142.61,69589.0,1076523904.0,8.514782608695647,12.240000000000009,12.40445971530748,0.0
2025-11-03,155.76,152.61,157.22,150.5,37169.0,569660480.0,-2.166805564459262,-3.3799999999999955,4.4651162790697665,0.0
2025-11-04,152.61,145.09,153.81,143.8,33394.0,488557856.0,-4.92759321145404,-7.52000000000001,6.961057023643943,0.0
2025-11-05,142.0,149.75,158.0,142.0,39842.0,604202560.0,3.2117995726790305,4.659999999999997,11.267605633802818,0.0
2025-11-06,148.42,154.71,157.15,146.38,41827.0,635131456.0,3.3121869782971602,4.960000000000008,7.357562508539425,0.0
2025-11-07,158.0,151.2,158.66,146.42,54840.0,831470400.0,-2.2687609075043746,-3.5100000000000193,8.359513727632844,0.0
2025-11-10,149.79,144.06,152.5,142.6,40541.0,591055232.0,-4.722222222222216,-7.139999999999986,6.942496493688644,0.0
2025-11-11,145.0,139.9,145.58,137.16,35774.0,500462848.0,-2.8876856865195033,-4.159999999999997,6.138815981335679,0.0
2025-11-12,137.77,134.99,138.37,133.6,26372.0,357416032.0,-3.5096497498212975,-4.909999999999997,3.5703592814371334,0.0
2025-11-13,134.04,135.0,136.2,133.94,17838.0,240860880.0,0.007407956144889205,0.009999999999990905,1.687322681797813,0.0
2025-11-14,133.0,131.8,135.48,131.8,16117.0,214756752.0,-2.370370370370367,-3.1999999999999886,2.7921092564491485,0.0
2025-11-17,131.92,132.75,133.75,131.34,13761.0,182495376.0,0.720789074355066,0.9499999999999886,1.8349322369422845,0.0
2025-11-18,132.01,131.33,134.22,130.62,14674.0,194181872.0,-1.0696798493408544,-1.4199999999999875,2.7560863573725265,0.0
2025-11-19,131.35,129.35,132.33,129.1,13250.0,172804448.0,-1.5076524784893186,-1.9800000000000182,2.5019364833462574,0.0
2025-11-20,131.0,128.9,132.58,128.33,16364.0,212809888.0,-0.34789331271742885,-0.44999999999998863,3.3117743318008257,0.0
2025-11-21,127.0,124.89,129.12,124.56,20970.0,265450784.0,-3.110938712179989,-4.010000000000005,3.6608863198458597,0.0
2025-11-24,125.7,126.91,128.5,124.18,17068.0,215554080.0,1.6174233325326304,2.019999999999996,3.4788210661942287,0.0
2025-11-25,128.8,129.82,131.18,128.8,16085.0,208784528.0,2.292963517453317,2.9099999999999966,1.847826086956518,0.0
2025-11-26,129.82,129.89,132.78,128.03,16479.0,216063392.0,0.05392081343398303,0.06999999999999318,3.710067952823557,0.0
2025-11-27,129.35,132.09,134.83,128.2,23116.0,306520160.0,1.6937408576487956,2.200000000000017,5.17160686427459,0.0
2025-11-28,136.99,149.02,151.48,136.35,77747.0,1113436672.0,12.81701869937164,16.930000000000007,11.096442977631094,0.0
2025-12-01,141.01,141.27,143.5,139.78,55328.0,781829312.0,-5.200644208831029,-7.75,2.661324939190155,0.0
2025-12-02,139.36,133.79,140.23,133.23,34819.0,471383840.0,-5.2948255114320215,-7.480000000000018,5.254071905726939,0.0
2025-12-03,133.87,128.95,136.88,127.21,26806.0,350314336.0,-3.6176096868226315,-4.840000000000003,7.60160364751199,0.0
2025-12-04,133.59,133.12,136.0,131.0,35539.0,476098176.0,3.2338115548662394,4.170000000000016,3.816793893129771,0.0
2025-12-05,129.71,133.95,135.83,128.4,28892.0,380644288.0,0.6234975961538325,0.8299999999999841,5.786604361370721,0.0
2025-12-08,134.28,136.85,138.38,132.51,28681.0,390939712.0,2.164986935423663,2.9000000000000057,4.429854350615051,0.0
2025-12-09,135.44,134.78,138.0,134.36,20063.0,272295520.0,-1.5126050420168013,-2.069999999999993,2.709139624888349,0.0
2025-12-10,134.37,134.24,135.88,132.51,14904.0,199606336.0,-0.40065291586288687,-0.539999999999992,2.5432042864689492,0.0
2025-12-11,134.06,130.45,135.0,130.43,15800.0,208636720.0,-2.8233015494636637,-3.7900000000000205,3.503795139155097,0.0
2025-12-12,129.89,130.24,131.6,128.51,14647.0,190847168.0,-0.16098121885778083,-0.20999999999997954,2.404482141467593,0.0
2025-12-15,129.0,126.38,129.29,125.85,15559.0,198266240.0,-2.9637592137592206,-3.8600000000000136,2.733412793007547,0.0
2025-12-16,136.58,138.06,143.96,135.26,72542.0,1013365184.0,9.24196866592817,11.680000000000007,6.432056779535722,0.0
2025-12-17,132.0,135.8,143.25,132.0,52134.0,714155264.0,-1.6369694335795937,-2.259999999999991,8.522727272727272,0.0
2025-12-18,131.1,141.0,148.8,130.8,57725.0,818607680.0,3.8291605301914444,5.199999999999989,13.761467889908255,0.0
2025-12-19,140.0,167.2,169.2,140.0,100926.0,1612242688.0,18.581560283687935,26.19999999999999,20.85714285714285,0.0
2025-12-22,170.5,167.7,174.73,162.88,89452.0,1517145216.0,0.29904306220096544,0.5,7.275294695481333,0.0
2025-12-23,159.32,157.83,164.88,156.59,64350.0,1027194368.0,-5.885509838998193,-9.869999999999976,5.294080081742123,0.0
2025-12-24,157.0,160.81,167.51,157.0,60416.0,985069568.0,1.888107457390853,2.9799999999999898,6.694267515923561,0.0
2025-12-25,157.0,168.07,168.89,153.0,61749.0,1008012160.0,4.5146446116534955,7.259999999999991,10.385620915032671,0.0
2025-12-26,164.96,161.0,165.03,157.83,50124.0,805884160.0,-4.20658059142024,-7.069999999999993,4.5618703668504015,0.0
2025-12-29,159.0,158.77,161.57,157.15,27917.0,443810656.0,-1.3850931677018563,-2.2299999999999898,2.812599427298751,0.0
2025-12-30,157.15,162.39,163.96,151.71,47486.0,748963648.0,2.2800277130440083,3.619999999999976,8.074616043767714,0.0
2025-12-31,162.29,153.05,162.31,153.05,32916.0,514178528.0,-5.751585688773919,-9.339999999999975,6.050310356092774,0.0
2026-01-05,155.0,157.17,158.45,153.27,31170.0,487987552.0,2.6919307415877114,4.119999999999976,3.3796568147713044,0.0
2026-01-06,160.01,177.49,183.88,160.01,77610.0,1329037312.0,12.928675955971247,20.32000000000002,14.917817636397729,0.0
2026-01-07,173.0,167.11,175.0,165.95,58973.0,998917632.0,-5.848216800946526,-10.379999999999995,5.453449834287443,0.0
2026-01-08,164.51,165.49,169.85,164.12,34275.0,569970688.0,-0.9694213392376305,-1.6200000000000045,3.4913477942968494,0.0
2026-01-09,164.0,165.12,168.8,163.92,30860.0,513229856.0,-0.2235784639555316,-0.37000000000000455,2.9770619814543826,0.0
2026-01-12,163.1,163.75,168.0,161.0,39983.0,655006528.0,-0.8296996124031009,-1.3700000000000045,4.3478260869565215,0.0
2026-01-13,162.23,165.47,169.95,155.45,51887.0,840442240.0,1.0503816793893117,1.7199999999999989,9.327758121582503,0.0
2026-01-14,162.17,161.11,168.0,159.18,40599.0,661856640.0,-2.6349187163836274,-4.359999999999985,5.540897097625326,0.0
2026-01-15,165.0,165.8,172.35,164.34,43741.0,737061120.0,2.9110545589969616,4.689999999999998,4.874041621029567,0.0
2026-01-16,160.17,167.78,168.99,160.15,37923.0,625025984.0,1.1942098914354604,1.9799999999999898,5.519825163908838,0.0
2026-01-19,167.0,162.91,167.77,162.27,23718.0,388216544.0,-2.9026105614495146,-4.8700000000000045,3.3894127072163673,0.0
2026-01-20,161.0,155.0,163.96,153.91,26635.0,420803872.0,-4.855441654901482,-7.909999999999997,6.529790137093114,0.0
2026-01-21,152.0,152.95,154.89,152.0,17683.0,270689920.0,-1.3225806451612976,-2.0500000000000114,1.9013157894736752,0.0
2026-01-22,156.66,154.61,157.43,153.36,13450.0,208699584.0,1.0853220006538322,1.660000000000025,2.653886280646839,0.0
2026-01-23,156.15,161.43,162.98,154.6,30323.0,482106656.0,4.411098893991339,6.819999999999993,5.42043984476067,0.0
2026-01-26,158.48,152.91,158.57,152.41,22131.0,342582272.0,-5.277829399739831,-8.52000000000001,4.041729545305424,0.0
2026-01-27,152.95,150.75,153.94,147.51,15312.0,229129824.0,-1.4125956444967613,-2.1599999999999966,4.359026506677519,0.0
2026-01-28,150.0,148.4,151.87,148.0,12457.0,186225648.0,-1.558872305140957,-2.3499999999999943,2.614864864864868,0.0
2026-01-29,147.79,143.45,151.02,143.06,15501.0,229012864.0,-3.3355795148248046,-4.950000000000017,5.564098979449188,0.0
2026-01-30,144.0,148.0,149.97,141.0,17613.0,257541776.0,3.171836876960632,4.550000000000011,6.361702127659575,0.0
2026-02-02,145.0,145.21,149.49,145.0,12419.0,182884576.0,-1.8851351351351298,-2.789999999999992,3.0965517241379374,0.0
2026-02-03,146.58,148.9,149.8,144.8,12255.0,180840464.0,2.5411473039046895,3.6899999999999977,3.4530386740331487,0.0
2026-02-04,149.0,150.66,153.04,148.23,14633.0,220486416.0,1.1820013431833365,1.759999999999991,3.2449571611684562,0.0
2026-02-05,149.99,146.26,151.82,146.24,10457.0,154903776.0,-2.920483207221558,-4.400000000000006,3.8156455142231835,0.0
2026-02-06,144.5,146.3,148.5,143.5,10070.0,147385840.0,0.027348557363615633,0.040000000000020464,3.484320557491289,0.0
2026-02-09,147.4,151.75,153.1,147.4,15273.0,230260864.0,3.725222146274776,5.449999999999989,3.8670284938941575,0.0
2026-02-10,150.52,150.5,152.42,149.82,8927.0,134621824.0,-0.8237232289950547,-1.25,1.735415832332128,0.0
2026-02-11,150.6,148.78,151.08,148.68,7433.0,111268664.0,-1.1428571428571455,-1.7199999999999989,1.6142050040355163,0.0
2026-02-12,148.01,148.86,150.47,147.88,7976.0,119164128.0,0.05377066810055009,0.0800000000000125,1.7514200703272946,0.0
2026-02-13,149.8,154.1,155.25,148.86,22760.0,350403328.0,3.5200859868332435,5.239999999999981,4.292623941958878,0.0
2026-02-24,158.86,151.93,159.54,151.2,19018.0,293169280.0,-1.4081765087605391,-2.1699999999999875,5.5158730158730185,0.0
2026-02-25,149.15,150.05,153.25,147.89,14393.0,215559312.0,-1.2374119660369831,-1.8799999999999955,3.624315369531418,0.0
2026-02-26,149.01,147.91,149.98,146.78,15303.0,226367888.0,-1.4261912695768153,-2.140000000000015,2.1801335331788994,0.0
2026-02-27,146.77,146.0,149.0,145.08,13302.0,194888144.0,-1.291325806233523,-1.9099999999999966,2.7019575406672094,0.0
2026-03-02,140.5,140.68,143.34,137.6,16795.0,235557344.0,-3.643835616438351,-5.319999999999993,4.171511627906983,0.0
2026-03-03,141.33,138.51,147.0,138.34,17632.0,251755072.0,-1.542507819164074,-2.170000000000016,6.259939280034694,0.0
2026-03-04,138.51,138.6,140.11,137.4,9092.0,126028472.0,0.06497725795970855,0.09000000000000341,1.9723435225618688,0.0
2026-03-05,140.96,138.25,141.95,137.51,10733.0,149580624.0,-0.2525252525252486,-0.3499999999999943,3.228856083193948,0.0
2026-03-06,137.69,137.99,139.38,137.1,7139.0,98665552.0,-0.18806509945750172,-0.2599999999999909,1.663019693654268,0.0
2026-03-09,134.01,136.1,136.48,131.35,12202.0,162857792.0,-1.3696644684397574,-1.8900000000000148,3.905595736581649,0.0
2026-03-10,137.85,138.97,139.33,136.12,12193.0,168434176.0,2.1087435709037594,2.8700000000000045,2.358213341169562,0.0
2026-03-11,139.0,137.81,140.45,137.04,10611.0,147617456.0,-0.8347125278837186,-1.1599999999999966,2.4883245767659052,0.0
2026-03-12,137.35,134.98,137.99,134.01,9268.0,125774504.0,-2.0535519918728817,-2.8300000000000125,2.969927617342003,0.0
2026-03-13,134.32,133.53,135.6,132.92,7421.0,99498480.0,-1.0742332197362536,-1.4499999999999886,2.01625037616612,0.0
2026-03-16,133.0,133.06,134.0,131.0,7150.0,94661216.0,-0.3519808282782866,-0.46999999999999886,2.2900763358778624,0.0
2026-03-17,133.55,136.0,139.68,133.55,18058.0,247805760.0,2.2095295355478717,2.9399999999999977,4.590041183077495,0.0
2026-03-18,134.67,135.2,136.75,132.88,9727.0,130492816.0,-0.5882352941176561,-0.8000000000000114,2.9124021673690583,0.0
2026-03-19,132.89,132.72,135.37,132.03,7483.0,99681664.0,-1.834319526627215,-2.4799999999999898,2.529728092100283,0.0
2026-03-20,133.37,128.97,133.89,128.89,9239.0,121321432.0,-2.8254972875226048,-3.75,3.879276902785321,0.0
2026-03-23,126.89,126.33,132.16,125.0,19045.0,244287728.0,-2.0469876715515256,-2.6400000000000006,5.727999999999997,0.0
2026-03-24,128.2,129.89,132.26,126.45,12679.0,164007808.0,2.8180163064988495,3.559999999999988,4.594701463028856,0.0
2026-03-25,131.71,134.0,135.0,130.12,13929.0,185494208.0,3.1642158749711324,4.110000000000014,3.750384260682443,0.0
2026-03-26,133.11,133.66,135.15,132.2,8206.0,109644952.0,-0.2537313432835808,-0.3400000000000034,2.231467473524975,0.0
2026-03-27,129.12,130.74,133.26,124.29,19401.0,248652624.0,-2.1846476133472903,-2.9199999999999875,7.216992517499383,0.0
2026-03-30,129.01,130.33,133.01,128.76,8754.0,113937904.0,-0.3135995104788125,-0.4099999999999966,3.30071450761106,0.0
2026-03-31,129.3,127.2,131.6,127.2,9339.0,120564224.0,-2.401595948745494,-3.1300000000000097,3.459119496855339,0.0
2026-04-01,129.35,131.1,132.32,129.35,10741.0,140923856.0,3.0660377358490587,3.8999999999999915,2.296095863935059,0.0
2026-04-02,130.16,127.06,131.88,126.03,10410.0,133408528.0,-3.081617086193744,-4.039999999999992,4.641751963818134,0.0
2026-04-03,126.51,123.99,127.49,123.54,9071.0,113363176.0,-2.4161813316543435,-3.0700000000000074,3.1973449894770827,0.0
2026-04-07,124.98,124.96,125.69,123.61,7197.0,89728656.0,0.7823211549318421,0.9699999999999989,1.6827117547124004,0.0
2026-04-08,128.05,130.58,130.93,127.1,12028.0,155447168.0,4.497439180537777,5.620000000000019,3.013375295043283,0.0
2026-04-09,128.1,128.87,130.0,127.28,9193.0,118370800.0,-1.3095420431919136,-1.710000000000008,2.1370207416719036,0.0
2026-04-10,132.04,132.6,136.48,132.04,17028.0,228411264.0,2.8943896950414993,3.7299999999999898,3.3626173886700985,0.0
2026-04-13,132.0,134.13,135.46,130.2,12172.0,162344320.0,1.1538461538461497,1.5300000000000011,4.039938556067604,0.0
2026-04-14,136.2,135.0,136.47,133.1,10212.0,137208880.0,0.6486244687989196,0.8700000000000045,2.5319308790383204,0.0
2026-04-15,136.45,133.26,137.2,132.96,10775.0,145933856.0,-1.288888888888895,-1.740000000000009,3.1889290012033547,0.0
2026-04-16,134.88,134.83,136.0,133.0,10760.0,144994400.0,1.1781479813897766,1.5700000000000216,2.2556390977443606,0.0
2026-04-17,134.16,136.89,137.5,132.5,13318.0,180666144.0,1.5278498850403999,2.059999999999974,3.7735849056603774,0.0
2026-04-20,137.98,136.34,138.0,135.66,9135.0,124658656.0,-0.401782453064492,-0.549999999999983,1.7249004865103963,0.0
2026-04-21,136.0,135.75,136.41,134.68,8178.0,110725208.0,-0.43274167522371343,-0.5900000000000034,1.2845262845262768,0.0
2026-04-22,135.38,135.01,136.99,132.58,13241.0,178345536.0,-0.545119705340702,-0.7400000000000091,3.3262935586061215,0.0
2026-04-23,134.56,132.9,137.76,132.36,12499.0,167436720.0,-1.562847196503947,-2.109999999999985,4.079782411604697,0.0
2026-04-24,133.2,129.32,133.43,128.89,10366.0,135372960.0,-2.693754702784057,-3.5800000000000125,3.5223834277290873,0.0
2026-04-27,129.99,129.27,129.99,126.38,9067.0,116078488.0,-0.038663779771097584,-0.04999999999998295,2.856464630479517,0.0
2026-04-28,129.0,122.54,129.5,122.01,15526.0,193285952.0,-5.206157654521548,-6.730000000000004,6.138841078600111,0.0
2026-04-29,122.5,123.98,124.74,121.58,11294.0,139434464.0,1.1751264893096192,1.4399999999999977,2.5991116960026295,0.0
2026-04-30,124.05,125.07,125.76,123.11,9362.0,116409880.0,0.8791740603323106,1.0899999999999892,2.1525465031272892,0.0
2026-05-06,125.38,128.11,130.0,124.51,11839.0,151393040.0,2.430638842248367,3.0400000000000205,4.40928439482772,0.0
2026-05-07,129.39,135.15,135.5,128.8,20311.0,271246112.0,5.495277495901951,7.039999999999992,5.201863354037258,0.0
2026-05-08,135.59,137.17,140.0,134.06,17815.0,245551920.0,1.4946355900850694,2.019999999999982,4.430851857377292,0.0
2026-05-11,136.14,138.07,138.7,134.5,16113.0,220925584.0,0.6561201428883834,0.9000000000000057,3.122676579925642,0.0
2026-05-12,138.07,135.54,140.5,135.0,12012.0,163923936.0,-1.832403853117981,-2.530000000000001,4.074074074074074,0.0
2026-05-13,135.52,138.72,139.37,134.02,19466.0,266334176.0,2.346170872067299,3.180000000000007,3.991941501268463,0.0
2026-05-14,138.99,135.5,139.78,135.5,14998.0,206432352.0,-2.3212226066897323,-3.219999999999999,3.158671586715868,0.0
2026-05-15,136.21,146.14,154.2,136.21,45640.0,665296320.0,7.852398523985227,10.639999999999986,13.207547169811306,0.0
2026-05-18,149.45,152.33,152.57,145.68,43851.0,656493376.0,4.235664431367203,6.190000000000026,4.729544206479947,0.0
2026-05-19,150.07,148.15,158.4,148.1,38133.0,578656320.0,-2.7440425392240564,-4.180000000000007,6.9547602970965645,0.0
2026-05-20,147.37,142.7,148.15,141.9,27971.0,402666304.0,-3.6787040161998075,-5.450000000000017,4.404510218463707,0.0
2026-05-21,141.67,157.88,171.24,141.5,73933.0,1188552960.0,10.637701471618776,15.180000000000007,21.017667844522975,0.0
2026-05-22,156.51,161.49,163.0,152.28,59931.0,953874816.0,2.2865467443628162,3.6100000000000136,7.0396637772524295,0.0
2026-05-25,157.0,156.01,161.49,154.58,39534.0,623672768.0,-3.393398972072581,-5.480000000000018,4.470177254496051,0.0
2026-05-26,155.02,151.63,157.65,148.5,32002.0,485520192.0,-2.8075123389526335,-4.3799999999999955,6.161616161616165,0.0
2026-05-27,153.33,148.71,160.88,146.46,32557.0,501724256.0,-1.925740288861033,-2.9199999999999875,9.845691656424952,0.0
2026-05-28,144.9,149.03,151.6,143.88,23166.0,341624224.0,0.21518391500234824,0.3199999999999932,5.365582429802613,0.0
2026-05-29,151.86,139.58,153.34,138.01,26101.0,376883680.0,-6.34100516674494,-9.449999999999989,11.10789073255562,0.0
2026-06-01,139.01,146.89,149.85,139.0,27696.0,404848000.0,5.237139991402762,7.309999999999974,7.805755395683449,0.0
2026-06-02,148.58,142.63,149.2,142.31,22160.0,320844160.0,-2.9001293484920643,-4.259999999999991,4.841543110111719,0.0
2026-06-03,139.55,142.4,146.6,139.11,18619.0,266941120.0,-0.1612563976722936,-0.22999999999998977,5.384228308532801,0.0
2026-06-04,139.11,138.05,142.0,137.4,16953.0,235697856.0,-3.0547752808988693,-4.349999999999994,3.347889374090243,0.0
2026-06-05,143.01,150.02,151.45,135.23,36500.0,529179584.0,8.670771459616077,11.969999999999999,11.994379945278414,0.0
2026-06-08,141.55,161.28,170.0,141.01,59103.0,934468928.0,7.505665911211823,11.259999999999991,20.558825615204604,0.0
2026-06-09,163.67,169.18,180.0,156.0,69292.0,1179870336.0,4.8983134920634885,7.900000000000006,15.384615384615385,0.0
2026-06-10,164.12,166.0,177.48,163.0,49647.0,836684480.0,-1.8796548055325712,-3.180000000000007,8.88343558282208,0.0
2026-06-11,160.01,146.9,164.29,145.0,55655.0,850293440.0,-11.506024096385536,-19.099999999999994,13.303448275862065,0.0
2026-06-12,148.0,144.1,158.91,142.8,40129.0,596507264.0,-1.9060585432266963,-2.8000000000000114,11.281512605042005,0.0
2026-06-15,143.7,147.32,148.43,143.18,27304.0,399601728.0,2.2345593337959713,3.219999999999999,3.666713228104484,0.0
2026-06-16,146.0,147.0,150.66,145.06,28599.0,420626432.0,-0.21721422753190334,-0.3199999999999932,3.86047152902247,0.0
2026-06-17,145.0,145.13,148.3,143.8,21571.0,312796288.0,-1.2721088435374228,-1.8700000000000045,3.129346314325452,0.0
2026-06-18,144.11,142.15,147.2,141.1,28526.0,408874816.0,-2.0533314959002236,-2.9799999999999898,4.323175053153787,0.0
2026-06-22,139.97,135.42,141.94,132.35,30915.0,420543552.0,-4.73443545550476,-6.730000000000018,7.245938798639973,0.0
2026-06-23,133.17,132.49,135.8,130.05,17994.0,239009664.0,-2.1636390488849355,-2.9299999999999784,4.421376393694732,0.0
2026-06-24,132.06,130.42,133.65,128.45,15028.0,196299328.0,-1.5623820665710775,-2.0700000000000216,4.0482678084858055,0.0
2026-06-25,129.09,127.54,130.68,124.5,21202.0,269460064.0,-2.2082502683637317,-2.8799999999999812,4.963855421686753,0.0
2026-06-26,126.13,124.41,128.99,123.7,17621.0,221541152.0,-2.4541320370080055,-3.1300000000000097,4.276475343573166,0.0
2026-06-29,122.67,119.84,128.0,118.76,22440.0,275446208.0,-3.6733381560967726,-4.569999999999993,7.780397440215555,0.0
2026-06-30,121.69,126.82,127.83,120.65,19621.0,244364224.0,5.824432576769012,6.97999999999999,5.951098217985903,0.0
2026-07-01,127.0,129.48,134.5,127.0,24456.0,321418496.0,2.0974609683015233,2.6599999999999966,5.905511811023622,0.0
2026-07-02,130.0,132.23,136.63,128.99,29533.0,392518496.0,2.1238801359283244,2.75,5.922939762772296,0.0
2026-07-03,131.01,137.5,141.5,129.23,36543.0,499193216.0,3.985479845723372,5.27000000000001,9.494699373210564,0.0
2026-07-06,135.73,126.0,135.73,125.88,26539.0,342060000.0,-8.363636363636362,-11.5,7.8249126151890644,0.0
2026-07-07,124.62,121.3,128.59,120.47,16796.0,207753952.0,-3.730158730158728,-4.700000000000003,6.740267286461364,0.0
2026-07-08,121.3,116.7,121.94,115.42,15467.0,181648720.0,-3.792250618301729,-4.599999999999994,5.648934326806442,0.0
2026-07-09,117.0,117.3,117.64,113.98,12418.0,143951104.0,0.5141388174807249,0.5999999999999943,3.21108966485348,0.0
2026-07-10,117.0,117.03,121.72,116.49,14452.0,172169472.0,-0.23017902813299296,-0.269999999999996,4.489655764443303,0.0
2026-07-13,114.95,106.32,115.78,106.25,16705.0,183800928.0,-9.151499615483216,-10.710000000000008,8.969411764705884,0.0
2026-07-14,106.5,106.65,108.64,103.0,12177.0,128738584.0,0.3103837471783333,0.3300000000000125,5.475728155339806,0.0
2026-07-15,108.0,106.22,109.99,105.0,9370.0,99997328.0,-0.40318799812470996,-0.4300000000000068,4.752380952380948,0.0
2026-07-16,104.94,107.67,109.2,103.4,11650.0,125072512.0,1.3650913199021009,1.4500000000000028,5.609284332688585,0.0
2026-07-17,107.63,99.0,109.8,97.76,16767.0,171442944.0,-8.05238227918641,-8.670000000000002,12.315875613747945,0.0
2026-07-20,100.98,97.0,101.8,94.05,19744.0,193884560.0,-2.020202020202022,-2.0,8.240297713981924,0.0
2026-07-21,98.01,99.54,100.0,91.22,18839.0,181812288.0,2.6185567010309274,2.5400000000000063,9.625082218811666,0.0
2026-07-22,99.9,96.15,100.29,95.87,13780.0,134641744.0,-3.4056660638939085,-3.3900000000000006,4.610409930113697,0.0
2026-07-23,95.29,96.06,97.09,94.68,10413.0,99833232.0,-0.0936037441497728,-0.09000000000000341,2.545416138572028,0.0
2026-07-24,94.9,93.67,96.33,93.29,9674.0,91407008.0,-2.4880283156360594,-2.3900000000000006,3.258655804480643,0.0
2026-07-27,94.23,98.26,98.55,92.89,11718.0,112581072.0,4.900181488203281,4.590000000000003,6.093228549897725,0.0
2026-07-28,97.0,96.0,99.14,95.5,9019.0,87285464.0,-2.3000203541624353,-2.260000000000005,3.8115183246073303,0.0
2026-07-29,96.99,97.38,97.88,94.28,11496.0,110674440.0,1.4375000000000027,1.3799999999999955,3.8184132371658825,0.0
2026-07-30,96.7,94.11,101.0,93.59,13283.0,127968616.0,-3.357979051139859,-3.269999999999996,7.91751255476012,0.0
2026-07-31,95.5,98.46,101.67,95.1,16717.0,165752752.0,4.62225055785781,4.349999999999994,6.908517350157736,0.0
2026-08-03,97.61,99.41,100.84,97.61,9557.0,94771304.0,0.9648588259191682,0.9500000000000028,3.3090871836902,0.0
